Importer,Exporter,total
TR,NL,1
XV,RS,1
BE,NO,43
BE,NO,43
DK,IS,700
XV,RS,1
BR,FR,12
BR,FR,4
BR,FR,2
CH,DE,4
US,IR,100
AU,NZ,2
CA,US,1
IL,DE,2
JP,US,1
JP,US,1
KP,CN,1
KR,CN,1
KR,JP,1
US,CA,5
KP,CN,1
US,DK,10
CA,US,3
MC,FR,2
GB,JE,2
GB,JE,3
CN,GB,1
MC,FR,2
SG,NL,4
SG,NL,4
ZA,NL,10
BE,CH,1
CH,BE,1
JP,NL,2
JP,TH,5
BE,CL,7.5
BE,CL,7500
CH,BE,8
CH,DE,4
CH,IT,163
JP,NL,139
NL,CL,60
NL,CL,30000
US,NL,29
DE,PE,20
DE,PE,120
AT,CH,7
AT,CH,1
CA,GL,700
CA,US,11
CA,US,3
CA,US,1
DE,CH,1
DE,RU,2
DK,GL,3
NL,NO,1438
NL,US,2
NO,GL,1000
RU,US,20
US,CA,1
US,CA,1
US,NL,1
US,NL,1
FR,TN,1
XX,TN,1
FR,CH,36.33
FR,TN,3
XX,TN,3
GB,US,60
JP,ZZ,5
XX,TN,1
CA,US,25
NL,CV,1
NL,CV,10
FO,NO,864
IS,NO,20
JP,NO,199000
JP,ZZ,10
KR,CN,26
US,AU,1
US,DE,1
US,FI,1
US,IS,230
US,IS,1
US,IS,3
US,NO,300
US,NO,1970
US,NO,0.85
US,NO,32
US,NO,1
US,NO,4
US,RU,1
US,SE,1
US,XX,1
JP,ZZ,333
JP,ZZ,45
US,AQ,5
US,CA,1
DE,CL,63
JP,ZZ,90
JP,ZZ,100
US,AU,2
US,JP,0.2
US,JP,1
JP,ZZ,25
JP,ZZ,220
US,JP,24.2
US,JP,91
ES,IS,10
JP,ZZ,15
NL,NO,5
US,JP,850
US,JP,0.4
US,JP,1
US,MX,1
US,NZ,12
CA,US,4
DK,GL,1
ES,GL,10
ES,GL,10
ES,IS,100
JP,ZZ,15
NL,NO,2
US,GB,8
US,JP,0.1
US,JP,1
CA,US,11
DE,VC,1
DK,GL,5
DK,GL,1
DK,GL,101
ES,IS,10
FR,MG,98
FR,TN,1
GB,US,1
JP,ZZ,80
NL,NO,168
SE,GL,1
US,AQ,144
US,AQ,40
US,AU,158
US,CA,16
US,GB,26
US,NZ,47
US,OM,98
XX,TN,1
ZA,NA,1
ID,FR,4
IR,DE,22
XX,IT,2
ID,FR,4
AR,US,2
CA,US,1
FR,FR,2
FR,US,1
GB,QA,6
HU,US,3
IT,US,2
MX,US,2
OM,AE,2
PK,AE,10
VN,DE,5
AE,SK,2
AT,TJ,1
BY,RU,4
CA,PK,1
DE,PK,2
DE,TJ,1
ES,PK,1
FI,RU,2
ID,DE,5
MX,PK,1
MX,US,1
NO,DK,1
NO,DK,1
PH,DE,1
PH,DE,1
RU,BY,1
SG,FI,8
US,CA,1
US,PK,4
US,TJ,3
UZ,RU,1
US,LA,2
US,LA,1
US,LA,4
US,LA,26
US,LA,2
US,LA,1
TN,ES,1
TN,ES,57
CN,GB,1
PT,US,4
KP,CN,1
IT,US,1
MX,US,1
AE,US,34
AR,ZA,1
AT,ZA,2
BE,ZA,2
CA,US,2
CZ,ZA,2
DE,ZA,3
DK,XX,1
DK,ZA,1
DK,ZA,1
DK,ZA,2
ES,ZA,5
FI,ZA,2
FR,FR,2
FR,FR,2
FR,US,1
FR,US,1
FR,ZA,1
HU,ZA,3
IT,US,1
IT,ZA,1
LT,ZA,1
MX,US,1
MX,US,2
OM,AE,2
PK,ZA,2
PT,ZA,1
RS,ZA,3
SE,ZA,3
SK,ZA,1
SK,ZA,5
TD,AE,50
US,BE,1
US,CA,454
VN,AE,3
VN,AE,7
VN,AE,3
VN,DE,3
VN,PL,2
CH,FR,1
CH,GB,1
CN,GB,1
CZ,CH,2
GB,QA,8
IT,US,1
KW,AE,6
KW,AE,4
KW,AE,3
LT,ZA,1
MX,US,1
MX,US,1
OM,AE,106
OM,AE,4
OM,AE,2
PK,AE,6
QA,AE,90
QA,AE,10
QA,AE,45
QA,AE,12
SA,AE,138
SA,AE,20
SA,AE,26
DK,NO,1
CH,FR,27
FR,CH,27
AT,BR,1
KP,CN,1
TW,FR,1
TZ,US,2100
BH,QA,4
CA,DO,1
OM,ZA,1
OM,ZA,11
QA,ZA,20
TH,BH,1
US,DE,1
CH,FR,3
CH,FR,3
DE,CH,6
AE,PH,2
BR,PT,2
BR,PT,2
BS,US,1
BS,US,1
CA,US,1
CA,US,1
CA,US,2
CR,US,1
DE,IL,26
DE,PH,2
JP,SG,22
KG,KZ,1
KW,ES,2
KZ,RU,1
NL,SG,16
OM,ZA,2
SR,NL,1
SR,NL,1
TW,SG,30
US,BS,1
US,CA,1
US,CA,1
US,SG,2
BH,BE,1
BH,BE,1
CA,US,1
CH,ES,1
CH,FR,1
JP,SG,2
KR,PH,1
LT,CA,1
NL,SG,6
NL,SG,3
NO,DK,1
NO,DK,3
NZ,ZA,1
PA,NL,4
TW,BE,1
TW,BE,1
TW,BE,2
TW,BE,1
TW,BE,1
TW,BE,2
TW,SG,30
US,CA,1
US,CA,1
US,SG,24
US,XX,1
XX,US,1
BG,UZ,4
CZ,ZA,4
DE,PH,28
DE,PH,20
DE,PH,6
DE,PH,12
DE,PH,56
DE,PH,100
FR,SG,5
GR,PH,2
IR,KW,4
NL,SG,9
NL,SG,11
PH,TH,20
SA,KW,5
SA,KW,3
US,SG,36
ZA,PL,1
BE,US,20
CA,US,40
CH,DE,100
CH,US,10
IN,US,200
JP,US,20
NZ,US,10
US,MT,150
US,MX,90
AU,US,200
BE,US,20
CH,DE,18
CH,DE,100
CH,US,10
CN,DE,200
HK,US,100
JP,US,10
NZ,US,10
AT,US,10
BE,US,60
CA,US,2080
CH,DE,100
CH,US,60
CN,DE,100
CN,IT,64
HK,US,9
HK,US,200
IN,US,100
JP,US,20
KR,US,150
PL,US,130
SG,IT,2
US,HK,9
US,MT,150
US,XX,11
AU,US,40
BE,US,90
CA,US,40
CH,US,20
CN,US,140
DE,TH,4
IN,US,30
IT,US,60
JP,US,30
NZ,US,10
PL,US,30
US,CZ,4
US,MX,279
BE,US,310
CA,US,5060
CH,DE,12
CH,DE,120
CH,US,50
CN,US,5210
DE,TH,1
GB,US,1
IN,US,20
JP,US,80
KR,US,109
US,CZ,1
US,HU,5
US,MT,600
US,MX,21
BE,US,15
CH,US,10
JP,US,5
RO,US,10
US,MX,5
BE,US,60
CA,US,10030
CH,US,20
HK,CZ,2
HK,US,190
JP,US,10
RO,US,20
CH,DE,20
CN,DE,200
DE,TH,4
DE,TH,270
GB,US,1
SG,IT,19
US,MT,450
US,TH,46
US,TH,1
US,MT,150
US,TH,1
US,KH,1
AT,US,20
CH,DE,1
CR,DE,5
CR,DE,2
CH,DE,2
CR,DE,2
DE,US,92
TH,US,71
CR,DE,2
IT,US,20
AT,US,20
IT,US,20
CH,DE,21
CN,MT,2200
CH,DE,1
AT,US,10
AU,US,80
BE,US,50
CA,US,20
CN,US,30
IT,US,60
PL,US,20
RO,US,20
JP,ZA,1
RO,US,20
US,MT,200
CA,US,50
CH,DE,1
US,TH,2
CH,DE,1
AT,US,10
CA,US,30
IL,US,10
SG,IT,3
ZA,IT,20
AT,US,10
CA,US,10
CH,DE,10
CN,MT,4400
IL,US,20
NZ,US,10
US,MT,450
CH,DE,1
CH,DE,2
AT,US,20
CA,US,40
CH,DE,4
CH,US,10
CN,US,100
FR,US,130
RO,US,20
AT,US,20
AU,US,500
CA,US,240
CH,DE,2
HK,US,100
IL,US,6000
NZ,US,40
PL,US,200
RO,US,120
US,MT,600
US,MX,9
NP,US,1
US,MT,600
AU,US,200
CN,US,20
ES,US,140
FR,US,100
JP,DE,2
RO,US,40
US,MT,150
AU,US,100
CA,US,10
US,MT,300
CH,DE,21
ES,US,20
CH,DE,100
FR,US,100
CA,US,1040
FR,US,100
IL,US,1000
NZ,US,20
PL,US,100
US,MT,300
CH,DE,40
NZ,US,10
PL,US,30
TH,US,30
AU,US,40
CN,DE,30
IL,US,30
PL,US,30
US,MT,300
US,TH,1
CA,US,20
CH,DE,300
CN,MT,2350
US,MT,900
AT,US,20
AU,US,100
CA,US,40
CH,DE,80
IL,US,1000
NZ,US,40
PL,US,100
US,MT,1350
CN,MT,17600
US,MT,150
CH,DE,30
CH,DE,100
IL,US,2000
US,MT,300
CA,US,20
FR,US,100
IL,US,1000
CH,DE,2
ES,US,100
FR,US,100
US,MT,150
JP,DE,1
DE,US,100
TH,US,175
US,TH,1
BY,RU,3
CA,IT,1
CH,IT,2
CN,IT,6
DE,CH,1
FR,CH,1
FR,CH,1
FR,CH,1
MX,FR,1
RU,CZ,1
TR,IT,6
US,IT,198.1
BE,CA,1
CA,AT,3
DK,GL,2
RU,CZ,1
RU,FR,1
CH,DE,1
US,AR,525
US,AU,1
US,PE,10
US,PL,1
ES,CH,2
GB,CH,3
CN,CZ,5
CN,CZ,5
CN,CZ,1
CN,CZ,2
KR,CZ,4
MY,CZ,2
MY,DE,2
JE,BR,3
JE,BR,2
CA,GB,1
CA,US,1
CZ,CH,1
FR,JE,4
SG,DE,4
TW,FR,1
AU,NZ,1
CH,NL,1
CN,CZ,10
GB,CH,1
HK,SG,2
IL,AT,1
IL,GB,3
IL,NL,1
MD,AT,3
NZ,AU,1
NZ,SK,1
RS,HU,3
RU,GB,0.001
RU,LT,1
TR,DE,10
BE,CA,1
RU,AT,1
US,DE,6
CN,CZ,2
KP,CN,1
MY,CZ,2
US,CA,1
US,FR,4
UZ,RU,1
DE,TZ,182
DE,VN,91
CZ,TH,3
DE,VN,53
DE,VN,54
AR,ZA,1
KZ,UZ,2
DE,CH,1
US,XX,6
KP,CN,1
JP,CL,8
US,MX,1
IT,US,1
MX,US,1
MX,US,1
US,MG,24
FR,US,1
DE,MG,117.8
DE,MG,40.6
US,MG,4
DE,MG,3
DE,MG,11.6
DE,MG,27.5
US,MG,20
DE,MG,84.6
DE,MG,72.2
DE,MG,34
US,DE,50
US,DE,4
US,DE,10
DE,MG,285.2
DE,MG,40.8
DE,MG,80
US,MG,286.77
US,MG,84
DE,MG,18.4
US,PT,96
US,PT,1
DE,MG,6
DE,MG,100
AU,US,5
US,AU,2
CH,FR,1
DE,MG,100
ES,GG,1
ES,JE,1
ES,JE,1
FR,MC,3
GR,LB,1
JP,DE,2
JP,ZZ,5
KR,JP,17
MC,CH,1
TW,FR,2
US,BM,2
US,BM,2
US,BR,71
US,BS,200
US,CA,47
US,KY,350
US,NI,1
US,PA,1
BB,FR,120
CA,FR,1
DE,MG,100
DE,UY,100
FR,CA,1
FR,US,1
FR,US,1
GB,SG,5
GB,SG,1
HK,FR,1.5
KR,CN,4
KR,SG,5
PT,ST,867
RE,MG,2
SG,FR,0.5
US,BM,1388
US,BS,993
US,CA,1
US,CA,4
US,CR,634
US,CR,63
US,FJ,1
US,FJ,115
US,HT,3
US,HT,1
US,HT,1
US,KY,2.45
US,KY,1400
US,KY,272
US,KY,250
US,MX,17
US,MX,2
US,MX,1
US,NI,5
US,PA,86
AT,KR,4
AU,GB,2
CH,AE,1
CH,DE,1
CH,FR,1
CH,GB,2
CN,FR,2
CN,FR,1
CN,GB,7
CN,US,1
DE,CH,1
DE,CH,1
FR,CH,24
FR,CH,2
FR,CH,1
FR,FR,0.01
FR,FR,2
FR,MC,1
FR,MC,1
GB,CH,11
GB,HK,2
GB,JP,13.5
HK,FR,1
HK,GB,63
IL,NL,1
JE,GB,2
JP,CH,1
JP,GB,2
JP,GB,13
JP,GB,2
JP,GB,3
MC,FR,1
MC,FR,1
NZ,FR,1
NZ,TO,2
PE,BE,1
PF,FR,1
US,AR,3
US,BZ,1.5
US,CN,1
US,CO,1
US,FM,1
US,FM,76
US,FM,13
US,FM,63
US,FR,1
US,FR,1
US,FR,2
US,FR,1
US,FR,2
US,GB,29
US,GB,3
US,GB,34
US,GB,8
US,HT,454
US,HT,2
US,JM,8
US,JP,1
US,KY,5
US,LC,1
US,MH,2
US,MX,3
US,MX,10
US,MX,1
US,MX,1
US,MX,5
US,NI,1
US,NI,454
US,NI,16.24
US,NI,6
US,PA,4
US,PE,54
US,PW,5
US,PW,2
US,PW,30
US,PW,2
US,SV,22
US,SV,122
US,TR,2
US,TR,15
US,VE,7
US,XX,13
XX,DE,1
AU,NZ,1
BB,FR,200
CA,FR,1
CH,FR,5
CH,FR,1
CH,FR,1
CH,HK,1
CH,US,1
CN,GB,1
CU,ES,1
CU,ES,1
FR,CA,1
FR,CH,1
FR,CN,1
FR,HK,1
FR,JP,7.66
FR,JP,164.33
FR,TO,1
FR,US,5
FR,US,5
GB,CH,14
GB,OM,122
GB,US,11
GB,US,11
GB,US,2
GB,US,2
HK,CH,1
HK,FR,1
HK,GB,6
JP,FR,191.34
JP,FR,4
JP,GB,1
JP,IT,2
KR,SG,20
MX,ES,4
MX,FR,1
MY,GB,1
MY,GB,1
NL,US,2
PA,GB,1
PH,SG,1
PT,ST,223
PT,ST,223
RU,FR,11
SG,GB,1
SG,GB,1
SG,PH,1
SG,PH,1
SN,US,1
SN,US,3
TW,FR,1
US,BM,20
US,BS,200
US,CR,150
US,CU,1
US,DO,2
US,ET,1
US,FJ,18
US,FR,1
US,FR,1
US,FR,6
US,FR,1
US,FR,5
US,GB,16
US,GB,2
US,GB,7
US,GB,9
US,GB,10
US,MX,1
US,NI,273
US,NI,8
US,NL,2
US,SV,5078
US,TW,1
US,VG,1
HK,US,1
US,GD,1
US,PA,72
US,CA,5
BE,MV,4
CH,FR,1
DE,UY,50
GB,OM,14
KR,SG,1
PT,ST,1629
PT,ST,1629
US,CR,35
US,CR,156
US,CR,155
US,CR,750
US,AU,47
KP,CN,1
MX,FR,1
GB,JE,3
GB,JE,1
GB,JE,1
RU,CZ,4
SA,KW,50
AE,CN,15000
AE,CN,11000
AR,FR,0.375
AT,CH,331880.768
AT,CH,16.382
AU,CN,25853
AU,CN,562
BD,CN,500
BR,FR,0.1
CA,CN,1958
CA,CN,623.574
CA,CN,5000
CA,HK,3.348
CA,US,908
CH,DE,1474
CH,DE,2967
CH,FR,1.025
CO,FR,0.05
CZ,CN,1006
DE,CH,87
DE,CH,51144
DE,CH,53.344
DE,CH,9514
DE,CH,7.608
DE,CN,330
DE,CN,328
DK,US,24
DK,US,1
DK,US,0.892
DK,US,0.024
EG,CN,7000
FR,IN,5000
FR,IN,5000
GB,TW,30
HK,MY,372
HK,MY,745.2
HK,MY,210.812
HK,MY,372
HK,TH,2257.438
ID,FR,0.3
ID,HK,4.68
IL,US,6
JP,CN,49941
JP,CN,7206.69
JP,CN,11324
JP,TW,800
JP,TW,603.6
JP,TW,15.46
JP,TW,200
KR,CN,16000
KR,CN,203700
KR,CN,11010
KR,JP,1666.5
KR,JP,40013.4
KR,JP,32
MA,CN,14000
MX,FR,0.75
MY,CN,19440
MY,CN,400
MY,HK,362.88
NL,CN,100
NL,CN,170
NL,US,380
RU,CN,11000
RU,CN,20010
SA,CN,11000
SG,CN,4680
SG,CN,27.1
SG,HK,1433.67
SN,US,1
SZ,IN,1500
TH,CN,100
US,CN,80
US,CN,446
US,CN,1621
US,CN,1065
US,CN,947.545
US,CN,10
US,CN,225
US,CN,94
US,CN,3
US,FR,47.0301
US,HK,3.413
US,HK,1000
US,IN,400
US,IN,1
US,MY,1
US,TH,3
US,VN,27
US,VN,15
VN,CN,200
CN,GB,1
HK,GB,15
US,KH,1
AE,IT,4
AM,MC,2
AZ,IT,8
BE,MC,2
BL,IT,1
CH,DE,30
CH,IT,93
CH,MC,2
CH,SG,2
CN,FR,7
CN,IT,1
CN,IT,100
CN,MC,2
FR,CO,934
FR,MC,4
GB,MC,2
HK,CO,21
HK,FR,7
HK,IT,6
HK,IT,4
HK,IT,12
IN,MC,2
IT,CO,231
JP,CH,22
JP,DE,73
JP,IT,2
JP,IT,19
JP,SG,20
KR,DE,12
KR,ES,3
KR,IT,14
MC,IT,452
QA,MC,2
RO,MC,18
RU,IT,23
RU,MC,6
SA,IT,2
SG,CO,600
SG,IT,2
TR,IT,16
UA,IT,1
UA,IT,1
UA,MC,12
US,MC,18
UZ,IT,128
XX,IT,3
XX,MC,218
US,AU,4
AE,UG,2
AE,UG,1
AT,NA,2
CH,DE,1
CH,FR,1
CN,ES,16
CZ,ZA,11
DE,CH,29
DE,NA,1
DE,NA,2
FR,JP,20.84
FR,JP,5.5
FR,JP,17.32
JP,FR,13.17
JP,FR,1
JP,FR,2
KR,US,3
MY,SG,1
NO,CH,1
PT,SN,85
RU,NA,1
SA,TR,1
SG,FR,1
SN,US,1
TR,CH,5
TR,CH,17
TR,CH,26
TR,ES,18
TR,ES,60
TR,ES,1
TR,IT,2
TR,NL,1
TW,FR,1
UG,AE,2
UG,AE,2
US,CA,21
US,CH,3
US,ES,24
US,FR,3
US,GB,1
US,GB,1
US,KR,2
US,LT,1
US,MX,2
US,MX,2
US,NA,1
US,NA,2
US,SD,2
US,SG,1
US,TH,1
US,TR,4
US,ZM,1
ZA,NA,1
AE,FR,1
AE,FR,3
AE,FR,3
AE,FR,2
AE,FR,35
AE,IT,2
AE,IT,16
AE,IT,1
AU,FR,11
AU,IT,1
AU,SG,14750
AZ,IT,2
AZ,IT,1
AZ,IT,1
BD,MY,100
BH,FR,1
BH,FR,3
BL,IT,13
BN,FR,2
BR,FR,3
CG,IT,1
CH,DE,3
CH,FR,1
CH,FR,7
CH,FR,7
CH,FR,4
CH,FR,1.5
CH,FR,168.16
CH,FR,5
CH,GB,10
CH,IT,13
CN,FR,4
CN,FR,3
CN,FR,433
CN,FR,3
CN,FR,1.33
CN,FR,17
CN,FR,1066
CN,FR,33
CN,IT,1
CN,IT,2
CN,IT,6
CN,IT,4
CN,IT,33
CN,IT,11
CN,IT,2
CN,MY,1
CN,MY,1
CN,MY,2500
CN,SG,10
CN,SG,5
CN,SG,5
CN,SG,144
CN,SG,7548
CN,TH,1300
DE,MY,2
DE,MY,2
FR,AE,3
FR,CA,1
FR,CH,7
FR,CH,2
FR,CH,2
FR,CN,2
FR,CN,1
FR,CN,14
FR,HK,2
FR,KR,1
FR,KR,1
FR,MC,22
FR,MO,2
FR,MY,26
FR,SG,4654
FR,SG,45
FR,SG,2175
FR,SG,2
FR,SG,1030
FR,TH,7486
FR,TR,2
GB,MY,1
GB,SG,1
HK,CH,3
HK,FR,2
HK,FR,1
HK,FR,1
HK,FR,67
HK,FR,554
HK,FR,42
HK,FR,2
HK,IT,2
HK,IT,14
HK,IT,2
HK,IT,9
HK,IT,2
HK,MY,35.4
HK,MY,109
HK,MY,15
HK,MY,3139
HK,MY,95.5
HK,MY,90
HK,SG,44
HK,SG,10
HK,SG,14
HK,SG,11040
HK,SG,48
HK,TH,24
HK,TH,3
HK,TH,100
HK,TH,312
HK,TH,1
ID,FR,1
ID,FR,5
ID,IT,1
IT,CH,1
IT,CH,1
IT,CN,12
IT,CN,1
IT,MY,13
IT,MY,1
IT,SG,18
IT,SG,276
IT,TH,85
JP,BD,600
JP,CH,12
JP,FR,42
JP,FR,2
JP,FR,1
JP,FR,117
JP,GB,3
JP,IT,16
JP,SG,151
KP,CN,1
KR,ES,5
KR,ES,4
KR,ES,52
KR,FR,4
KR,FR,3
KR,FR,7
KR,FR,37
KR,FR,148
KR,FR,2
KR,FR,15
KR,HK,1
KR,IT,16
KR,IT,3
KR,IT,4
KR,PH,20
KR,SG,16
KW,FR,2
KW,IT,1
KZ,FR,2
KZ,FR,1
LB,FR,1
LB,FR,2
LB,FR,16
LB,IT,2
MC,FR,15
MC,FR,1
MC,IT,6
MO,FR,52
MO,FR,283
MO,IT,2
MO,IT,4
MY,FR,2
MY,FR,15
MY,FR,21
MY,SG,412
MY,SG,230
MY,SG,2
PH,SG,206
QA,FR,9
RU,FR,7
RU,FR,3
RU,FR,20
RU,IT,4
RU,IT,1
RU,IT,1
RU,IT,2
RU,IT,8
SA,GB,1
SA,IT,3
SG,CN,5
SG,CN,5
SG,FR,5
SG,FR,10
SG,FR,4
SG,FR,4
SG,FR,5
SG,FR,85
SG,FR,146
SG,HK,44
SG,HK,10
SG,IT,4
SG,IT,4
SG,MY,1210
SG,MY,5510
SG,MY,220
SG,MY,8718
SG,MY,130
SG,PH,7141
SG,PH,3474
SG,PH,3678
TH,FR,3
TH,FR,10
TH,FR,37
TH,FR,42
TH,IT,3
TH,MY,1
TH,MY,3100
TH,MY,500
TH,MY,200
TH,SG,100
TH,SG,2
TM,IT,12
TR,FR,2
TR,FR,1
TR,FR,3
TR,FR,2
TR,FR,19
TR,FR,44
TR,FR,13
TR,IT,2
TR,MY,1
UA,FR,1
UA,IT,1
UA,IT,12
US,GB,3
US,GB,3
US,TH,1
VN,FR,3
VN,FR,10
VN,MY,30
XX,IT,4
XX,IT,1
XX,MC,10
XX,MC,1
XX,MC,6
XX,MC,10
XX,MC,1
ZA,IT,12
KP,CU,4
NO,DK,10
SG,IT,1
AE,IT,1
AE,IT,30
AM,IT,15
AZ,IT,33
BE,TH,1
BH,IT,4
BL,IT,42
CA,RO,2
CG,FR,1
CH,IT,18
CH,IT,1
CH,IT,1
CH,IT,25
CH,IT,2
CH,IT,55
CH,JP,3
CH,SG,2
CN,FR,8
CN,FR,105
CN,IT,1
CN,IT,24
CN,IT,1
CN,IT,4
CN,JP,100
CN,KH,2000
CN,SG,20
CN,SG,1
CN,SG,3913
CN,SG,3600
CN,TH,1300
CN,TH,100
CN,TH,4
CN,TH,100
CN,TH,10600
CN,VN,7500
CN,VN,49500
CN,VN,25
CN,VN,10710
CY,TR,4
DE,SG,7
DE,TH,1
DE,TH,1
DE,TH,2
DE,TH,1
DE,TH,125
DE,VN,98
DK,VN,6
ES,TH,17
FR,HK,21
FR,HK,7
FR,JP,22
FR,TH,4388
FR,TR,236
FR,VN,3
GB,TH,1
HK,FR,8
HK,FR,143
HK,IT,1
HK,IT,22
HK,IT,4
HK,SG,23
HK,SG,10.53
HK,SG,18.06
HK,SG,314
HK,SG,300
HK,SG,10
HK,TH,300
HK,TH,41
HK,TH,262878.49
HK,TH,18
HK,TR,8
HK,VN,1000
HU,TH,10
IL,FR,10
IN,CN,160
IN,HK,160
IT,AE,2
IT,CH,4
IT,CH,115
IT,CN,1
IT,CN,6
IT,KR,1
IT,SG,18
IT,SG,100
IT,TH,2
IT,TH,150
IT,TR,13
IT,VN,100
JP,FR,4
JP,IT,84
JP,IT,2
JP,KH,20
JP,SG,3
JP,TH,1
JP,TH,30
JP,TH,2
JP,TH,5
JP,TH,2
JP,TH,17
JP,TH,1511
JP,TH,13340
JP,TH,12
JP,TH,5267
JP,TH,0.5
JP,VN,35
JP,VN,82
JP,VN,2174
KR,CN,2
KR,ES,21
KR,FR,85
KR,FR,281
KR,FR,30
KR,IT,22
KR,IT,16
KR,IT,8
KR,JP,827
KR,JP,32
KR,SG,104
KR,SG,774
MG,FR,2
MG,FR,2
MO,FR,2
MO,FR,4
MX,IT,254
MX,IT,1
NL,TH,50
NL,VN,189
NL,VN,4
NZ,TH,1
NZ,TH,1
QA,IT,44
RU,FR,3
RU,FR,16
RU,IT,2
RU,IT,1
RU,IT,2
RU,IT,523
RU,IT,5
RU,IT,1
RU,IT,68
SA,IT,6
SG,CN,1
SG,CN,1
SG,FR,1
SG,FR,10
SG,HK,56740
SG,HK,74
SG,HK,2
SG,MY,436
SG,RO,2
SG,TH,32000
SG,TH,1
SG,TH,4300
SG,VN,300
SG,VN,3420
SG,XX,120
TH,AE,8
TH,FR,1
TH,HK,16889.07
TH,JP,92
TH,JP,410
TH,KH,40000
TH,KH,5700
TH,SG,41
TH,SG,654
TH,SG,6544
TM,FR,3
TR,FR,3
TR,FR,3
TR,FR,24
TR,FR,400
TR,FR,32
TR,FR,26
TR,FR,8
TR,IT,8
TR,SG,6
TW,IT,1
TW,IT,9
TW,SG,10
TW,SG,13
UA,IT,52
US,HK,600
US,HK,600
US,IT,4
US,IT,2
US,KH,2
US,KH,8
US,KH,65
US,KH,3
US,RO,2
US,TH,1
US,TH,2
US,TH,1
US,TH,1
US,TH,1
US,TR,2
US,TR,3
US,VN,1
US,VN,2
UZ,FR,1
UZ,IT,3
VN,JP,540
XX,IT,10
XX,IT,1
XX,IT,7
XX,IT,3
ID,SK,4
US,CD,1
US,NG,1
BD,MY,6
GB,MY,6
US,MY,4
GB,US,2
US,HK,2
US,KH,3974.4
CN,SG,2
CN,SG,4
CN,SG,4
CN,GB,1
US,CA,51
US,KN,6
US,NI,1
FR,AU,1.2
FR,FR,2.9
AE,DK,1
AE,FR,3
AE,GB,1
AR,CU,106.5
AT,CH,1
AT,HU,1
AT,JP,1
AT,KR,2
AT,LI,1
AT,LI,1
AU,GB,1
AU,GB,13
AU,GB,154
AU,IE,2
AU,JP,1
BE,CH,2
CA,FR,1
CA,GB,7
CA,IE,19
CH,AT,1
CH,BE,3.05
CH,DE,5
CH,DE,2
CH,DE,1
CH,DK,52
CH,FR,50
CH,FR,5
CH,GB,1
CH,GB,1
CH,IT,2
CH,PL,156
CH,US,1
CL,ES,2
CL,GB,1
CL,HU,1
CL,HU,1
CN,DE,8
CN,DK,0.7
CN,DK,1
CN,ES,1
CN,FR,1
CN,FR,2
CN,FR,8
CN,GB,22
CN,HU,2
CN,IE,1
CN,IT,1
CN,IT,4
CN,PH,32
CN,PH,1
CN,PL,50
CN,PT,19
CN,US,1
CN,ZA,5
CO,ES,1
CU,ES,1
CU,ES,8
CU,ES,18.194
CZ,CH,1
CZ,US,5
DE,CA,1
DE,CH,14
DE,CH,3
DE,CH,8
DE,NO,74
DE,NO,2
DE,US,1
ES,CU,81.7
ES,CU,1
FR,CH,1
FR,CH,131.33
FR,CH,2
FR,CN,7
FR,FR,15
FR,HK,6
FR,US,3
GB,BS,4
GB,CA,112
GB,CA,34
GB,CH,1
GB,CH,22
GB,CN,3
GB,JP,74
GB,NZ,60
GB,SG,1
GB,ZA,1
GG,GB,1
HK,AT,1
HK,AT,1
HK,BE,11.24
HK,BE,33
HK,CH,1
HK,CH,2
HK,DK,3
HK,ES,6.7
HK,ES,5
HK,ES,74
HK,FR,3
HK,FR,17
HK,GB,24
HK,IE,1
HK,PT,1
HK,PT,32
HK,SE,2
HK,SE,2
HU,CH,1
IE,CH,1
IE,NZ,2
IL,CU,222.8
IS,GB,50
IT,CA,64
IT,MC,1
IT,SG,2
IT,US,1
JP,FR,2
JP,FR,208
JP,GB,94
JP,GR,2
JP,IT,1
JP,NL,2
JP,PL,52
JP,US,1
KY,GB,1
LB,US,3
LI,AT,1
LI,AT,7
MC,FR,1
MO,PT,1
MX,CU,1634.5
MX,CU,0.345
MX,ES,1
MX,ES,2
MX,GB,1
MX,GB,50
MX,PT,1
MX,US,4
NL,RU,12
NL,US,1
NL,US,1
NL,US,2
NO,DE,36
NO,DE,1
NO,DK,5
NO,DK,1
NO,DK,1.1
NO,DK,3
NO,DK,12
NO,NL,1
NO,PL,360
NO,SE,2
NZ,FR,1
NZ,FR,78.5
NZ,GB,29
NZ,GB,4
NZ,HU,1
NZ,IE,52
NZ,ZA,52
PE,BE,1
PH,SG,3
PH,SG,5
PL,CH,1
PL,CH,2
PL,NO,15
PL,NO,1
PT,SG,20
RU,GB,2
RU,JP,4
SE,NO,1
SE,NO,1
SG,FR,1.5
SG,GB,1
SG,GB,12
SG,HK,1
SG,PH,3
SG,PH,5
SG,PT,22
SG,PT,2
TW,GB,4
TW,JP,83
US,AR,24
US,AU,52
US,BE,1
US,BH,1
US,CA,10
US,CA,2
US,CA,49
US,CA,10
US,CA,104
US,CA,8
US,CN,16
US,CN,5
US,CN,2
US,CZ,5
US,ET,3
US,ET,1
US,FR,77
US,FR,1
US,FR,3
US,FR,3
US,GB,21
US,GB,1
US,GB,1
US,GB,9
US,GB,7
US,GB,1
US,GB,57
US,GB,1
US,GB,106
US,GB,50
US,GB,11
US,ID,3
US,IT,1
US,JP,5
US,JP,2
US,JP,1
US,KE,1
US,LA,130
US,LA,1
US,MX,1
US,MX,15
US,NL,1
US,NL,11
US,NL,52
US,NL,2
US,NL,52
US,NL,2
US,PL,0.615
US,PL,7
US,RS,1
US,RS,52
US,SL,1
US,TH,2
US,TH,2
US,TH,4
US,TH,1
US,TH,484
US,TH,300
US,TH,7
US,TR,4
US,TW,1
US,VN,10
US,VN,16
US,VN,1
US,XX,2
US,XX,4
US,XX,3
US,ZA,88
XX,DE,17
XX,DE,2
XX,GB,2
XX,GB,1
XX,IE,31
XX,PL,52
AT,US,5
AT,US,3
AU,GB,1
AU,GB,11
AU,KH,1
AU,NL,1
AU,NZ,1
AZ,GE,1
BE,SG,1
CA,FR,1
CA,FR,1
CA,GB,1
CA,US,1
CH,AT,1
CH,AT,1
CH,DE,2
CH,FR,1
CH,GB,6
CL,CN,2
CL,CN,2
CL,PE,6
CN,CL,2
CN,FR,4
CN,GB,1
CN,GB,1
CN,GB,170
CN,KR,5
CN,LA,50
DE,CH,2
DE,NZ,1
FR,CA,1
FR,CH,1
FR,KR,1
FR,SG,1
GB,CA,128
GB,CH,3
GB,GG,29
GB,MM,1790
GB,SG,5
GB,SG,1
GB,US,1
GE,DE,1
GE,UA,1
GR,US,5
HK,AT,2
HK,BE,4
HK,FR,1
HK,FR,1
HK,FR,20.5
HK,GB,433
HK,GB,1
HK,IT,2
IE,US,2
IL,BE,1
IT,US,1
IT,US,3
JP,CN,1
JP,DE,5
JP,GB,2
JP,US,1
KP,CN,2
KR,CN,5
KR,FR,1
KR,GB,1
KR,JP,34
KY,GB,64
MY,GB,1
MY,GB,2
NL,CH,1
NO,DE,2
NO,DK,3
NZ,GB,1
NZ,GB,1
PK,LK,1
PT,ZA,1
RU,GB,1
RU,UZ,2
SG,AU,1
SG,BE,1
SG,FR,1
SG,FR,1.5
SG,GB,35
SG,GB,33
TR,GB,1
TW,GB,36
TW,US,1
UA,BY,1
US,AR,1
US,AT,2
US,BM,2
US,CN,3
US,DK,1
US,GB,1
US,GB,16
US,GB,1
US,GB,5
US,GR,1
US,IT,2
US,KW,2
US,KW,2
US,LA,1
US,LA,96
US,NL,1
US,TH,1
US,TH,1
US,TH,1
US,TW,8
US,UA,50
US,VN,1
US,VN,1
US,VN,1
US,VN,1
UZ,RU,2
XX,DE,2
XX,DE,2
XX,DE,1
XX,IT,1
XX,IT,1
AE,GB,3
AE,GB,50
AE,UG,5
AR,MZ,2
AR,ZA,2
AR,ZA,2
AT,US,17
AT,ZM,8
AT,ZM,4
AU,ES,2
AU,FR,6
AU,GB,36
AU,GB,52
AU,NZ,1
AU,NZ,94
AU,US,6
AU,US,52
AU,UY,25
BA,US,1
BE,AD,2.95
BE,CH,1
BE,US,2
BE,ZA,8
BM,US,1
BW,DK,2
CA,FR,5.349
CA,FR,37
CA,FR,54
CA,GB,3
CA,GB,104
CA,US,1
CA,US,52
CH,AT,2
CH,AT,52
CH,AT,2
CH,BE,1
CH,BE,2
CH,DE,1
CH,DE,3
CH,DE,0.4
CH,DE,18
CH,DE,6
CH,DE,25
CH,DE,0.464
CH,DK,1
CH,FR,1
CH,FR,4
CH,FR,3
CH,FR,1
CH,FR,5
CH,FR,106
CH,FR,264
CH,FR,1
CH,GB,1
CH,GB,26
CH,IT,1
CH,IT,1
CH,IT,1
CH,SG,1
CH,US,1
CH,US,41
CL,AR,1
CN,DE,15
CN,DE,6
CN,FR,7.1
CN,FR,3
CN,FR,8.5
CN,FR,268
CN,GB,1
CN,GB,1
CN,GB,172
CN,GB,444
CN,PT,1
CN,PT,1
CN,SI,1
CN,US,26
CN,US,416
CN,US,30
CN,UY,6
CN,ZA,4
DE,CD,1
DE,CH,3
DE,CH,1
DE,CH,9
DE,CH,1
DE,CI,350
DE,CI,2
DE,US,105
DE,US,1
DE,VE,52
DK,KE,2
DK,NA,3
DK,NO,3
DK,ZM,1
DK,ZW,7
EG,AE,1
ES,US,1
ES,VE,1
ET,AE,4
ET,AE,1
FI,NZ,9
FI,US,28
FR,CA,26
FR,CH,1
FR,CH,1
FR,CH,19.5
FR,CH,52
FR,JP,177
FR,KR,3
FR,MX,19
FR,RU,15
FR,SG,14
FR,US,52
FR,US,1
FR,US,2
FR,US,52
FR,US,5
FR,ZA,1
GB,AU,14
GB,AU,2
GB,AU,52
GB,CH,1
GB,CH,1
GB,CN,5
GB,GG,9
GB,HK,5
GB,JE,1
GB,JP,0.5
GB,JP,17
GB,KE,0.4
GB,KE,50
GB,NZ,29
GB,NZ,52
GB,SG,6
GB,TR,1
GB,TR,1
GB,US,111
GB,US,20
GB,US,18
GB,US,12
GB,US,2
GB,UY,110
GB,UY,111
GB,VE,1
GB,ZA,5
GB,ZA,1
GL,DK,3
HK,AT,1
HK,AT,52
HK,BE,6
HK,BE,4
HK,BE,115.46
HK,BE,3
HK,BE,100
HK,BE,24
HK,BE,15
HK,BE,2.7
HK,BE,49
HK,BE,3.8
HK,BE,2
HK,BE,10
HK,BE,19
HK,BE,7.82
HK,BE,26
HK,BE,1
HK,BE,1
HK,BE,5
HK,BE,4
HK,BE,2
HK,BE,4
HK,BE,36
HK,BE,16
HK,BE,2.7
HK,BE,97
HK,BE,4
HK,CA,6
HK,CH,3
HK,DE,15
HK,ES,15.8
HK,ES,1
HK,ES,24
HK,ES,10
HK,ES,4
HK,ES,4
HK,ES,8
HK,ES,6
HK,ES,8
HK,ES,4
HK,ES,4
HK,ES,50
HK,FR,108
HK,GB,225
HK,LT,2
HK,LT,2
HK,PT,2
HK,PT,2
HK,PT,2
HK,PT,46
HK,PT,6
HK,PT,102
HK,SI,8
HK,SI,4
HK,SI,8
HK,US,66
HK,US,1
HK,US,2
HK,US,52
HK,ZA,2
HU,MC,1
HU,MC,1
HU,MC,3
IN,GB,7
IN,RU,1
IT,MZ,1
IT,US,2
IT,US,1
IT,ZM,2
IT,ZM,2
JO,AE,2
JO,AE,1
JP,BE,0.4
JP,BE,1
JP,DE,4
JP,DE,11
JP,DE,1
JP,DE,0.4
JP,DE,1
JP,DE,1
JP,DE,99
JP,DE,2
JP,FR,177.5
JP,FR,2
JP,GB,2
JP,GB,1
JP,GB,17
JP,GB,13
JP,GB,43
JP,GB,47
JP,GB,3
JP,IT,16
JP,PL,1
JP,PL,52
JP,PL,2
JP,PL,260
JP,RO,2
JP,US,1
JP,US,115
KE,NL,4.336
KE,NL,4.33
KH,DE,1
KR,DE,1
KR,DK,0.716
KR,FR,4
KR,US,52
KR,US,52
KR,US,26
LB,DE,1
LB,UY,1
MC,CH,1
MC,DE,2
MC,DE,2
MC,DE,6
MC,UY,3
MC,UY,1
MX,ES,2
MX,FR,5
MX,GB,2668
MX,US,1
MY,AT,2
MY,AT,0.002
MY,GB,21
MY,GB,1
NL,AU,5
NL,US,48
NL,ZA,2
NL,ZA,2
NL,ZA,1
NL,ZA,2
NO,GB,2
NO,GB,104
NO,GB,1
NO,IT,2
NO,US,2
NZ,DE,1
NZ,DE,52
NZ,FR,10
NZ,FR,13
NZ,FR,2
NZ,GB,2
NZ,GB,3
NZ,GB,52
NZ,GB,2
NZ,HK,0.001
NZ,HK,0.0023
NZ,US,52
NZ,ZA,6
NZ,ZA,1
NZ,ZA,6
NZ,ZA,2
OM,GB,1
PE,DE,1
PE,MZ,12
PG,NZ,39
PH,ES,3
PH,FR,2
PH,HK,1
PH,HK,52
PL,US,4
PL,ZM,5
PT,AD,1
PT,US,2
PT,US,2
RU,AT,2
RU,DE,2
RU,FR,3.1
RU,FR,2
RU,FR,15
RU,GB,2
RU,GR,2
RU,IN,1
SE,NO,12
SE,US,52
SE,ZA,1
SG,CH,1
SG,FR,1
SG,GB,45
SG,GB,11
TH,GB,150
TW,DE,1
TW,GB,2
TW,US,33
TZ,US,20
UA,FR,2
UG,AE,5
UG,AE,4
UG,AE,1
US,AR,52
US,AR,52
US,AT,2
US,AT,1
US,BE,1
US,BE,0.208
US,BE,1
US,BE,2
US,BE,52
US,BE,2
US,BM,1
US,CA,2
US,CA,52
US,CA,12
US,CD,1
US,CH,6
US,CH,1
US,CH,17
US,CH,1
US,CM,154
US,CM,1
US,CN,1
US,CN,27
US,CN,26
US,CZ,6
US,DE,15
US,DE,1
US,DE,68
US,DE,2
US,DE,260
US,DE,52
US,DK,28
US,DK,36
US,ES,9
US,ES,1
US,FR,24
US,FR,2
US,FR,1
US,FR,3
US,FR,1
US,FR,1
US,FR,1
US,FR,104
US,FR,6
US,FR,1
US,GB,6
US,GB,6
US,GB,2
US,GB,3
US,GB,104
US,GB,478
US,GB,12
US,GB,2
US,GB,16
US,GB,1
US,IE,1
US,JP,3
US,JP,146.5
US,KE,1
US,KE,5.07
US,KE,2
US,KR,33
US,LU,48
US,MX,1
US,MX,15
US,MZ,50
US,NA,4
US,NA,2
US,NG,1
US,NG,1
US,NG,6
US,NG,3
US,NG,1
US,NL,52
US,NL,2
US,NO,1
US,NO,1
US,NZ,192
US,PL,4
US,SA,6
US,SD,155
US,SZ,17
US,TR,3
US,UG,1
US,UG,1
US,UG,0.5
US,UG,4.86
US,UG,1
US,VN,100
US,XX,1
US,ZA,2
US,ZA,52
US,ZA,22
US,ZA,3
US,ZA,52
US,ZA,1
US,ZM,4
US,ZW,2
US,ZW,8
US,ZW,11
US,ZW,2
US,ZW,26
UY,AR,52
VN,AT,2
VN,DE,1
VN,GB,6
XX,DE,8
XX,DE,6
XX,GB,2
XX,GB,2
XX,ZM,7
ZA,GB,2
ZA,IT,1
ZA,US,1
ZW,ZM,7
CL,FR,2
FR,CH,1
MX,PL,1
MX,US,10
AT,MN,16
AT,MN,42
AT,RU,6
AT,RU,6
CZ,MN,14
MN,CZ,1
MN,CZ,3
MN,CZ,4
RU,HU,19
AT,US,2
AT,US,2
GB,US,5
US,RU,10
US,RU,30
US,RU,10
DE,ZA,100
JP,ES,7
CA,ES,1
DE,ZA,195
JP,ZA,2
JP,ZA,1
KR,US,12
CA,US,25
JP,ZA,2
KR,US,46
FR,MG,1
KR,US,54
US,TH,73
DE,ZA,100
GB,MG,1
CZ,TH,50
US,ID,1
US,TH,1
AE,ES,1
AE,ES,328
BH,ES,23
SA,ES,1
AE,AT,3
AE,AT,11
AE,AT,11
AE,AT,692
AE,AT,51
AE,BE,11
AE,BE,10
AE,BH,2
AE,CA,18
AE,CA,4
AE,CZ,9
AE,CZ,13
AE,CZ,4
AE,CZ,93
AE,CZ,26
AE,CZ,92
AE,CZ,26
AE,DE,73
AE,DE,33
AE,DE,99
AE,DE,25
AE,DK,10
AE,ES,3
AE,ES,8
AE,ES,3
AE,ES,1
AE,ES,1
AE,ES,846
AE,ES,1720
AE,FR,30
AE,FR,30
AE,GB,1
AE,GB,1094
AE,GB,273
AE,GB,1030
AE,GB,280
AE,GB,4
AE,IE,32
AE,IE,33
AE,IT,2
AE,KW,1
AE,KW,1
AE,KW,1
AE,KW,2
AE,KZ,4
AE,MA,2
AE,MA,8
AE,MA,39
AE,RS,87
AE,SI,8
AE,SI,8
AE,US,9
AE,US,55
AE,US,62
AT,AE,1
AT,AE,1
AT,AE,1
AT,AE,1
AT,AE,2
AT,AE,1
AT,AE,3
AT,AE,4
BH,AE,1
BH,AE,1
BH,AE,4
BH,AT,1
BH,DE,23
BH,ES,2
BH,ES,22
BH,GB,49
BH,PT,3
BH,US,4
CA,US,1
CH,DE,1
ES,AE,2
ES,AE,5
ES,AE,1
ES,AE,3
ES,AE,3
ES,AE,1
ES,AE,10
GB,AE,3
GB,AE,2
GB,AE,14
GB,KW,2
GB,KW,4
GE,AE,13
GE,AE,2
GE,KW,3
GE,KW,1
GI,ES,1
IQ,KW,1
IR,KW,2
IR,KW,2
IR,KW,3
JO,KW,1
JP,GB,5
JP,GB,10
KW,AE,6
KW,AE,1
KW,AE,7
KW,AE,2
KW,AE,48
KW,AE,5
KW,AE,37
KW,AE,16
KW,AE,1
KW,AE,2
KW,AE,1
KW,AE,1
KW,AE,1
KW,AT,7
KW,BE,2
KW,BE,26
KW,CZ,13
KW,ES,13
KW,GB,12
KW,GB,19
KZ,AE,5
KZ,AE,1
KZ,AE,16
KZ,AE,1
KZ,AE,21
KZ,AE,21
KZ,AE,1
KZ,AE,22
KZ,AR,3
KZ,AR,1
KZ,AR,8
KZ,DE,3
KZ,DE,3
KZ,SA,2
KZ,SA,3
MA,KW,2
MA,KW,1
MA,KW,1
MA,KW,1
MA,KW,1
MX,ES,1
PK,AE,3
PK,AE,2
PK,KW,1
PK,KW,1
QA,AE,1
QA,AE,2
QA,AE,1
QA,AE,2
QA,AE,1
QA,AE,1
QA,GB,16
QA,US,60
RS,AE,7
SA,AE,1
SA,AE,1
SA,AE,1
SA,AE,3
SA,CZ,43
SA,DE,1
SA,DE,2
SA,ES,60
SA,KZ,2
SA,KZ,3
SA,US,2
TN,KW,4
US,CA,1
UZ,AE,5
UZ,AE,2
UZ,AE,10
UZ,AE,3
UZ,AE,63
UZ,AE,15
UZ,AE,1
UZ,AE,2
UZ,AE,8
XX,DE,1
AE,DE,1
AE,DE,1
AE,ES,1
AE,ES,1
AE,AT,1
AE,CZ,1
AE,CZ,2
AE,CZ,1
AE,ES,1
AE,ES,1
GB,AE,108
GB,QA,1
GI,ES,2
JP,GB,4
SA,ES,2
XX,ES,1
AE,AT,1
AE,ES,1
AE,AT,10
AE,AT,25
AE,AT,6
AE,AT,2
AE,AT,64
AE,AT,2
AE,BE,3
AE,BE,3
AE,BG,1
AE,BG,1
AE,BG,1
AE,CA,14
AE,CA,1
AE,CZ,1
AE,CZ,4
AE,CZ,16
AE,CZ,20
AE,DE,5
AE,DE,1
AE,DE,4
AE,DE,7
AE,DE,130
AE,DE,24
AE,DE,140
AE,DE,24
AE,DK,1
AE,DK,2
AE,DK,1
AE,DK,22
AE,DK,23
AE,DK,1
AE,ES,1
AE,ES,2
AE,ES,2
AE,ES,1
AE,ES,109
AE,ES,129
AE,GB,1
AE,GB,1
AE,GB,4
AE,GB,2
AE,GB,4
AE,GB,3
AE,GB,1
AE,GB,1
AE,GB,119
AE,GB,116
AE,IE,5
AE,IE,7
AE,IT,1
AE,JO,10
AE,KZ,1
AE,NL,16
AE,NL,21
AE,OM,1
AE,RS,1
AE,RS,18
AE,RS,26
AE,SI,7
AE,SI,4
AE,SI,6
AE,US,9
AE,US,7
AE,ZA,2
AM,AE,11
AT,AE,4
AT,AE,6
AT,AE,2
AT,CH,1
BH,AT,2
BH,CZ,5
BH,DE,52
BH,ES,10
BH,IT,5
CH,BE,1
CH,DE,1
CH,DE,1
CH,IT,2
CZ,AE,3
DE,CH,3
ES,AE,2
ES,AE,3
ES,AE,1
ES,AE,2
ES,AE,2
ES,AE,5
ES,PE,10
ES,QA,4
ES,QA,4
ES,US,10
GB,AE,210
GB,JE,1
GB,QA,3
GB,QA,7
GI,ES,2
IT,CH,1
JE,GB,1
JP,CA,4
JP,GB,3
JP,GB,10
KW,AE,1
KW,AE,2
KW,BE,2
KW,DE,1
KW,DE,3
KZ,AE,1
KZ,AE,4
KZ,AE,5
KZ,AE,1
KZ,AE,21
KZ,AR,4
KZ,AR,1
KZ,AR,22
MX,ES,2
QA,AE,5
QA,AE,7
QA,AE,2
QA,AE,4
QA,AE,8
QA,AE,19
QA,AE,1
QA,AE,2
QA,AE,1
QA,AE,26
QA,AE,4
QA,AM,4
QA,AT,1
QA,AT,10
QA,AT,3
QA,AT,6
QA,AT,16
QA,BE,2
QA,BE,4
QA,BH,1
QA,BH,9
QA,BH,3
QA,BH,1
QA,CZ,49
QA,CZ,1
QA,DE,10
QA,DE,58
QA,ES,22
QA,ES,14
QA,ES,88
QA,GB,3
QA,GB,52
QA,GB,18
QA,IT,24
QA,NL,2
QA,NL,1
QA,NL,36
QA,NL,25
QA,PT,15
QA,RU,10
QA,SK,2
QA,SK,1
QA,SK,4
QA,SK,3
QA,US,4
SA,ES,4
SI,AE,1
TN,KW,2
TR,DE,6
TW,BE,1
TW,US,2
US,AE,3
US,AE,2
US,CA,1
US,DE,1
UZ,AE,2
XV,RS,2
XX,DE,1
XX,DE,1
ZA,DE,4
AE,US,2
CA,US,1
US,CA,3
AE,AT,11
AE,AT,2
AE,ES,1
AE,IT,1
AT,CH,1
QA,AT,2
QA,PT,3
GB,MU,78
AE,AT,4
AE,AT,2
AE,AT,167
AE,AT,12
AE,BE,1
AE,BE,1
AE,BE,2
AE,CA,1
AE,CA,38
AE,CA,102
AE,CA,7
AE,CA,4
AE,CZ,12
AE,CZ,13
AE,CZ,4
AE,CZ,25
AE,CZ,23
AE,CZ,3
AE,DE,2
AE,DE,1
AE,DE,2
AE,DE,121
AE,DE,92
AE,DE,326
AE,DE,47
AE,DK,17
AE,DK,1
AE,DK,127
AE,ES,1
AE,ES,2
AE,ES,57
AE,ES,272
AE,FR,2
AE,FR,2
AE,FR,45
AE,FR,45
AE,GB,6
AE,GB,2
AE,GB,1
AE,GB,1
AE,GB,403
AE,GB,98
AE,GB,368
AE,GB,141
AE,IE,11
AE,IE,15
AE,IT,1
AE,KW,1
AE,KZ,2
AE,MA,5
AE,MA,5
AE,MA,53
AE,NL,4
AE,NL,22
AE,SI,5
AE,SI,5
AE,US,13
AE,US,236
AE,US,236
AE,ZA,4
AE,ZA,1
AM,AE,8
AT,AE,5
AT,AE,4
AT,AE,10
AT,AE,3
AT,AE,3
AT,AE,4
AT,AE,4
AT,AE,11
AT,AE,1
AT,AE,7
AT,AE,7
AT,AE,1
AT,AE,2
AT,AE,6
AT,AE,14
AT,AE,1
AT,AE,2
AT,AE,1
AT,AE,2
AT,AE,1
AT,AE,2
AT,AE,1
AT,AE,8
AT,AE,1
AT,CA,2
BE,CH,2
BH,AE,6
BH,AE,1
BH,DE,2
BH,ES,1
BH,GB,20
BH,IT,8
BH,NL,37
BH,US,1
CA,AT,1
CA,AT,2
CA,DE,1
CA,SI,1
CA,US,18
CN,RU,7.5
CZ,AE,2
CZ,AE,1
CZ,AE,3
CZ,AE,4
CZ,AE,2
CZ,AE,8
CZ,AE,1
CZ,AE,1
CZ,CA,2
CZ,US,2
DE,AE,4
DE,AE,2
DE,AE,4
DE,AE,1
DE,AE,2
DE,AE,10
DE,AE,2
DE,AE,6
DE,AE,2
DE,AE,4
DE,AE,16
DE,AE,3
DE,AE,4
DE,AE,1
DE,AE,3
DE,AE,1
DE,AE,1
DE,AE,21
DE,AE,15
DE,AE,2
DE,CH,1
ES,AE,5
ES,AE,1
ES,AE,1
ES,AE,9
ES,AE,3
ES,AE,1
ES,AE,6
ES,AE,3
ES,AE,1
ES,AE,3
ES,AE,2
ES,AE,2
ES,AE,4
ES,AE,1
ES,AE,11
ES,AE,3
ES,AE,3
ES,AE,3
ES,AE,1
ES,AE,1
ES,AE,2
ES,AE,39
ES,AE,6
ES,AE,3
ES,AE,2
ES,AE,2
ES,CA,1
ES,CA,9
ES,US,2
ES,US,13
GB,AE,2
GB,AE,2
GB,AE,2
GB,AE,2
GB,AE,2
GB,AE,2
GB,AE,4
GB,AE,4
GB,AE,1
GB,AE,6
GB,AE,1
GB,AE,18
GB,AE,6
GB,AE,2
GB,AE,1
GB,AE,2
GB,AE,3
GB,AE,1
GB,AE,3
GB,AE,2
GB,AE,7
GB,AE,3
GB,AE,6
GB,AE,2
GB,AE,2
GB,AE,1
GB,AE,10
GB,AE,1
GB,AE,2
GB,AE,5
GB,AE,1
GB,AE,1
GB,AE,2
GB,AE,4
GB,AE,2
GB,AE,10
GB,AE,11
GB,AE,13
GB,AE,7
GB,AE,4
GB,AE,2
GB,AE,12
GB,AE,2
GB,AE,16
GB,AE,16
GB,AE,4
GB,AE,4
GB,AE,1
GB,AE,1
GB,AE,2
GB,AE,6
GB,AE,1
GB,AE,5
GB,AE,2
GB,AE,21
GB,AE,244
GB,AE,1
GB,AE,40
GB,AE,2
GB,KW,2
GB,KW,2
GB,KW,6
GB,KW,2
GB,QA,3
GB,QA,1
GB,QA,1
GB,US,20
GE,AE,1
GE,AE,1
IE,AE,5
JP,GB,2
JP,GB,10
KW,AE,1
KW,AE,3
KW,AE,2
KW,AE,6
KW,AE,4
KW,AE,4
KW,AE,1
KW,AE,1
KW,AE,2
KW,GB,3
KW,GB,6
KZ,AE,2
KZ,AE,2
KZ,AE,2
KZ,AE,12
KZ,AE,3
KZ,AE,17
KZ,AR,16
KZ,AR,2
KZ,AR,4
KZ,DE,1
KZ,DE,1
KZ,SA,10
MA,KW,2
PK,AE,2
PK,AE,1
QA,AE,2
QA,AE,2
QA,AE,1
QA,AE,4
QA,AE,38
QA,AE,39
QA,AE,3
QA,AE,11
QA,AE,2
QA,AE,2
QA,AE,3
QA,AE,9
QA,AE,4
QA,AT,1
QA,BH,12
QA,BH,1
QA,DE,13
QA,ES,4
QA,GB,47
QA,IT,2
QA,IT,1
QA,KW,4
QA,NL,2
QA,NL,4
QA,US,90
RS,AE,6
RS,AE,9
RS,AE,20
RS,AE,8
RS,AE,2
RS,AE,1
RS,AE,16
RS,AE,4
SA,AE,8
SA,DE,2
SA,ES,2
SA,KZ,10
SA,US,3
SD,KW,1
SI,AE,1
SI,AE,1
SI,AE,3
SI,AE,1
SI,AE,1
SI,AE,1
SI,AE,2
SI,AE,1
SI,CA,1
SK,AE,2
SK,AE,2
SK,AE,4
UA,DK,2
US,AE,1
US,AE,4
US,AE,10
UZ,AE,4
UZ,AE,2
UZ,AE,7
UZ,AE,5
UZ,AE,14
UZ,AE,1
UZ,AE,1
UZ,AE,2
UZ,AE,13
UZ,AE,2
UZ,AE,7
XX,DE,3
AR,NA,1
AR,NA,2
AR,ZA,2
AT,JP,40
AT,NA,1
AT,NA,2
AT,NA,15
AT,SG,1
AU,CZ,1
BE,CH,4
BE,NA,3
BG,NA,3
CA,NA,5
CA,ZW,1
CH,NA,1
CN,ZA,1
CZ,NA,1
CZ,NA,6
DE,NA,2800
DE,NA,26
DE,ZA,1
DE,ZA,2
DK,NA,1
ES,NA,11
ES,ZA,1
ES,ZA,1
FR,CH,1
FR,NA,1
FR,NA,2
FR,NA,2
FR,NA,16
FR,NA,7
GE,AZ,6
HU,NA,16
KP,CN,1
KP,CN,1
MX,NA,9
NL,ZA,1
PL,NA,1
PL,RU,1
RO,ZA,1
RO,ZA,1
RU,BH,1
RU,FI,1
RU,GE,6
RU,NA,2
RU,NA,1
RU,NA,2
RU,NA,11
SE,NA,1
SE,NA,2
SK,NA,11
TH,NA,1
US,KE,2
US,ZA,4
US,ZM,25
ZA,NA,6
ZA,US,49
EG,AE,1
PA,DE,2
RU,FR,1
CL,BO,8
CL,BO,8
CL,BO,1
MX,VE,33
US,DE,4
US,EC,1
US,VE,1
RU,FR,1
US,NI,1
CH,ES,46
CH,ES,36
AE,TH,1
MG,GB,2
MG,GB,1
TH,AE,2
TW,DE,1
UA,FR,1
KG,KZ,1
KG,KZ,3
GB,IN,2
GB,IN,4
AR,PY,1
CL,DE,2
KG,KZ,1
KP,CN,1
MM,TH,1
MY,ZA,2
PL,RU,1
SG,ID,1
TH,AE,1
US,IT,1
US,MX,2
AE,HU,1
AR,MZ,2
AR,NA,2
AR,ZA,3
AR,ZA,2
AT,ET,1
AT,MZ,1
AT,NA,11
AT,TZ,2
AT,ZA,1
AT,ZA,1
AT,ZW,1
AT,ZW,1
AT,ZW,7
BE,TZ,1
BE,TZ,1
BE,US,1
BE,ZW,1
BG,NA,2
BG,ZW,1
CA,FR,1
CA,GB,1
CA,NA,2
CA,ZM,2
CA,ZW,1
CA,ZW,2
CA,ZW,3
CA,ZW,2
CH,DE,1
CH,FR,1
CL,AR,1
CL,ZA,1
CN,IT,2
CN,NA,1
CN,NA,1
CN,ZA,1
CN,ZA,2
CN,ZA,1
CN,ZA,1
CN,ZA,1
CN,ZA,1
CN,ZA,1
CN,ZA,1
CN,ZW,2
CZ,NA,1
CZ,NA,8
DE,CD,2
DE,CF,1
DE,ML,1
DE,NA,1
DE,NA,1
DE,NA,1800
DE,NA,34
DE,TZ,8
DE,ZA,1
DE,ZA,1
DE,ZW,2
DE,ZW,2
DE,ZW,9
DK,MZ,1
DK,NA,2
DK,TZ,1
DK,ZM,6
DK,ZW,7
EE,NA,5
EE,ZW,4
ES,MZ,2
ES,NA,4
ES,RS,1
ES,TZ,5
ES,ZA,5
ES,ZW,8
FI,NA,4
FR,AE,1
FR,AE,2
FR,CA,1
FR,MX,0.25
FR,MZ,1
FR,NA,1
FR,NA,6
FR,NA,6
FR,TZ,8
FR,TZ,8
FR,ZA,5
FR,ZA,1
FR,ZM,1
FR,ZW,6
FR,ZW,1
GB,AE,80
GB,KE,2
GB,KE,2
GB,NA,1
GB,NA,1
GB,NA,1
GB,NA,3
GB,OM,30
GB,OM,50
GB,OM,50
GB,OM,50
GB,OM,50
GB,OM,50
GB,OM,150
GB,TZ,1
GB,US,2
GB,ZA,1
HR,ZW,2
HU,MZ,2
HU,NA,4
HU,TZ,1
HU,ZM,3
HU,ZW,8
IS,FR,1
IT,MA,2
IT,MZ,1
IT,NA,1
IT,NA,1
IT,TZ,1
IT,ZA,2
IT,ZM,9
IT,ZW,1
KG,KZ,2
KG,KZ,1
KR,CN,1
KR,DE,2
KW,ZA,1
KZ,RU,1
LT,NA,1
LT,NA,1
LT,ZW,2
LU,MZ,1
LV,NA,2
MA,IT,2
MC,TZ,2
MX,NA,2
MX,ZW,1
NA,ZA,1
NL,NA,1
NL,NA,1
NL,ZW,1
NL,ZW,1
NL,ZW,1
NO,DK,1
NO,TZ,1
NO,ZW,1
NO,ZW,7
NZ,NA,1
NZ,NA,1
NZ,NA,1
NZ,ZW,1
OM,AE,30
OM,SA,30
PE,XX,2
PH,ZA,4
PK,GB,1
PL,NA,4
PL,RU,1
PL,ZA,1
PL,ZA,3
PT,MZ,1
PT,US,2
PT,US,2
PT,ZA,1
RO,ZA,1
RO,ZA,1
RS,DE,1
RU,CZ,2
RU,EE,1
RU,FI,1
RU,FR,5
RU,FR,1
RU,NA,2
RU,NA,6
RU,ZM,2
RU,ZW,90
RU,ZW,1
RU,ZW,1
RU,ZW,2
SA,AE,1
SE,NA,3
SE,ZA,1
SE,ZA,1
SE,ZA,2
SE,ZA,2
SE,ZW,2
SK,NA,3
SN,US,1
SN,US,3
SN,US,1
SN,US,1
TJ,UZ,2
UA,ZW,1
UA,ZW,1
US,CA,1
US,CN,60
US,CN,20
US,DE,1
US,DE,1
US,FR,6
US,GB,1
US,GB,1
US,GB,33
US,GB,1
US,GB,2
US,KE,2
US,MX,1
US,MZ,16
US,NA,3
US,NA,143
US,NC,1
US,NG,2
US,NG,1
US,TZ,2
US,TZ,65
US,YE,1
US,ZA,4
US,ZA,9
US,ZA,1
US,ZA,2
US,ZA,6
US,ZA,2
US,ZA,2
US,ZA,1
US,ZA,48
US,ZM,1
US,ZM,7
US,ZM,27
US,ZW,7
US,ZW,14
US,ZW,162
UY,GB,1
UZ,KG,2
XX,CI,1
ZA,NA,4
ZA,UG,1
ZA,ZM,4
ZA,ZW,1
ZA,ZW,12
AU,JP,2
BR,AR,2
BR,DE,1
BY,UA,1
CA,CN,6
CL,AR,2
CL,ZA,2
CN,CA,1
CN,GB,1
CN,NL,1
CN,NL,1
CN,ZA,1
CN,ZA,1
DK,ZA,1
EC,PE,2
FR,CH,2
GB,US,6
ID,CZ,1
IL,DK,1
IL,IE,1
IT,MA,4
IT,US,1
IT,US,1
JP,AR,2
JP,RU,1
KG,KZ,4
KP,CN,1
KZ,RU,3
KZ,RU,1
KZ,UZ,4
LV,UA,1
MD,BE,1
MD,BE,1
MY,ZA,2
PH,ID,1
PH,SK,1
TH,AR,2
TH,ES,2
TN,ES,1
TR,NL,1
TW,FR,1
UA,SK,1
US,AR,3
US,CA,1
US,CA,2
US,CA,1
US,CA,1
US,CA,1
US,CN,500
US,CN,7
US,GB,53
US,KH,2
US,KH,180
US,KR,1
US,MX,5
US,PE,2
US,VN,5
US,VN,99
US,VN,3
US,VN,127
US,VN,46
US,XX,1
US,XX,371
UY,ZA,1
UZ,KZ,2
VN,BE,1
VN,BE,4
VN,CZ,1
VN,CZ,2
VN,CZ,1
XX,IT,4
XX,IT,2
CH,CZ,1
CN,CA,1
CN,NL,1
CN,NL,1
GB,NO,1
GB,US,58
IT,CA,1
KG,KZ,2
KP,CN,1
KR,CN,1
NL,NO,2
PK,CA,1
RU,BY,1
US,GB,320
GB,US,1
GB,US,1
CA,US,1
CH,FR,1
CL,FR,1
FR,CH,1
HU,CH,1
IN,FR,2
IN,GB,1
US,CH,1
US,DE,2
US,FI,1
US,FR,2
US,SE,2
CA,NL,20
KW,BE,30
QA,NL,44
UZ,NL,26
US,IN,16
SG,KH,23
SG,KH,3
SG,XX,23
SG,XX,3
US,CA,3
CD,BE,2
KP,CN,2
QA,NL,2
QA,NL,8
QA,NL,1
RU,CZ,4
UA,CZ,2
ZA,NL,1
ZA,NL,2
ZA,NL,1
KP,CN,1
DE,RU,1
SG,NL,2
SG,NL,2
BD,NL,2
KP,CN,2
QA,AE,1
QA,AE,1
RU,CZ,2
ZA,NL,1
ZA,NL,2
ZA,NL,1
CA,US,2
GB,US,9
US,RW,79
DE,CG,56
DE,CM,60
DE,GA,24
DK,CH,10
GB,CH,1.5
TW,PL,1
US,CG,1
US,CG,2
XX,DE,1
BE,US,1
CN,CZ,2
CN,KW,2
DE,CD,62
DE,CG,36
DE,CI,380
DE,CI,25
DE,CI,153
DE,CI,230
DE,CI,4
DE,CI,241
DE,CI,389
DE,CM,61
DE,GA,232
DE,GA,44
DE,GA,3
DE,GA,59
DE,ML,51
DE,RW,155
DE,TZ,113
DK,CH,6
DK,SN,93
GB,US,7
GT,SE,5
GT,SE,1
IN,IL,1
KE,IQ,1
KE,IQ,1
KZ,RU,1
KZ,RU,1
LT,UA,1
NL,CI,1
RU,AM,2
RU,AM,2
TJ,UZ,1
TT,ZA,6
UA,LT,1
UG,CF,15
UG,CF,36
UG,CF,12
US,CA,2
US,CD,300
US,CG,2
US,CM,1
US,RW,32.3
US,UG,1
US,UG,0.5
US,UG,1
UZ,KG,1
DK,CH,13
GB,JE,3
GB,JE,1
HK,DK,0.2
HK,DK,0.05
ID,JE,1
US,AU,1
US,DE,4
CH,ID,365
CN,GB,1
CN,UZ,2
IL,DE,1
IL,NL,1
IL,NL,1
KP,CN,1
MY,SG,2
RU,DK,1
US,ID,2
US,ID,434.6
US,ID,1178
KP,CN,1
IM,GB,2
TH,ID,1
FR,CH,1
DE,VN,10
DE,VN,30
AU,US,1
DE,VN,20
KP,CN,1
TR,DE,2
US,AU,1
DE,VN,11
DE,VN,10
MK,BE,1
MK,BE,1
SG,FR,2
US,FJ,37
CA,DE,4
CH,DE,2
PH,DE,2
PH,DE,2
US,FJ,15
US,FJ,41
US,JM,129.57
CH,AT,6
UA,DE,1
US,DO,16
US,HK,15
US,BS,1040
US,BS,400
US,KY,1082
KP,CU,4
US,KY,50
US,KY,1138
US,DO,4
JP,AT,4
US,BS,99
US,BS,114
DE,MG,100
US,MG,186
JP,ID,1
JP,ID,2
AE,DK,2
AE,US,10
AT,US,2
AU,DK,86
AU,FR,1
AU,US,2
AU,US,1
BE,US,1
BR,DK,1
BS,DK,12
CA,DK,15
CA,ES,1
CA,FI,0.16
CA,GB,1
CA,US,8
CA,US,2
CH,AE,1
CH,DE,0.3
CH,DE,1
CH,DE,2
CH,DK,1
CH,FR,7
CH,GB,1
CH,GB,5
CH,SE,1
CH,SG,1
CH,US,4
CL,DE,1
CN,DE,0.0011
CN,DE,4
CN,DE,0.3
CN,DE,3
CN,DK,4
CN,ES,2
CN,FR,1
CN,GB,1
CN,GB,10
CN,GB,1
CN,US,3
CN,US,23
CN,US,2
CZ,US,3
DE,IE,1
DE,IL,1
DE,US,11
DE,US,10
DE,US,16
DE,US,2
FI,US,8
FR,CH,2
FR,US,1
FR,US,1
FR,US,2
GB,CH,5
GB,GG,1
GB,GI,1
GB,JP,0.5
GB,US,58
GB,US,64
GB,US,2
GB,US,4
GB,US,1
GB,US,8
GB,US,4
GB,US,3
GR,US,1
HK,CH,2
HK,DE,1
HK,DK,12
HK,GB,12
HK,US,12
HK,US,29
HK,US,8
ID,DK,5
ID,US,13
IN,GB,1
IT,US,4
IT,US,3
JE,GB,4
JP,DE,4
JP,DE,4
JP,DE,1
JP,DE,1
JP,DK,180
JP,DK,4
JP,DK,45
JP,DK,8
JP,FR,3.5
JP,FR,4
JP,GB,1
JP,GB,2
JP,GB,1
JP,IL,2
JP,IT,5
JP,IT,2
JP,IT,7
JP,US,60
JP,US,10
JP,US,1
JP,US,40.5
JP,US,176
JP,US,3
KP,DK,22
KR,DE,2
KR,DE,1
KR,DK,11
KR,US,7
KR,US,20
KR,US,1
LU,BR,1.2
MY,IT,1
NL,US,1
NL,US,21
NL,US,2
NO,DK,4
NO,DK,4
NO,NL,1
NZ,DK,11
NZ,US,3
PT,DK,1
PY,GB,1
RU,FR,10
SE,DK,1
SE,US,1
SE,US,1
SG,CH,1
SG,DK,4
SG,GB,2
SG,SE,1
SG,US,4
SN,US,1
TH,DE,2
TH,DK,1
TH,US,1
TH,US,1
TR,GB,1
TR,US,1
TW,DE,1
TW,DK,141
TW,GB,1
TW,US,1
TW,US,6
TW,US,7
US,AR,1
US,AT,1
US,AT,1
US,BR,9000
US,BR,15
US,BR,42000
US,CA,1
US,CA,7
US,CH,2
US,CN,22
US,CZ,3
US,DE,0.0012
US,DE,0.15
US,DE,7
US,DE,0.3
US,DE,11
US,DK,2
US,DK,139
US,DK,10
US,DK,1
US,DK,8
US,DK,1
US,DK,4
US,FI,1.6
US,FR,1
US,FR,1
US,FR,1
US,FR,14
US,FR,2
US,FR,3
US,GB,4
US,GB,2
US,GB,2
US,GB,6
US,GB,23
US,GB,1
US,GB,4
US,GB,34
US,IL,86
US,IL,10
US,IT,1
US,IT,125
US,IT,425
US,IT,200
US,JP,7
US,JP,6
US,JP,57
US,JP,5
US,KR,7
US,LU,12
US,PT,1
US,SE,25
US,SE,1
US,SE,1
US,SE,1
US,ZA,1
XX,DE,1
XX,DE,3
XX,US,2
NL,RU,2
US,DE,1
US,DE,1
GI,ES,4
ID,HU,3
FR,US,4
FR,US,1
MA,FR,4
RS,HU,1
DE,MG,100
JE,GB,2
US,MG,1
US,MG,5
AU,US,10
BY,IL,6
CA,US,7
CN,CA,7
CN,CZ,4
CN,CZ,9
CN,CZ,1
CN,CZ,2
CN,CZ,4
CN,CZ,3
CN,CZ,1
CN,CZ,2
CN,CZ,3
CN,CZ,1
CN,CZ,11
CN,CZ,9
CN,CZ,2
FR,FR,4520
FR,FR,3
ID,FR,6
MA,FR,16
MU,FR,4
RU,AM,2
TR,NL,1
UA,CZ,5
VN,CZ,4
VN,CZ,3
VN,CZ,2
VN,CZ,2
VN,CZ,1
MG,FR,1
MG,FR,3
SG,JP,2
CA,GB,1
CA,PL,1
CH,NL,2
CL,GB,4
CN,CA,13
IL,CZ,1
MA,FR,4
US,PT,1
GB,MG,30
US,PT,96
BE,MG,40
GB,MG,50
CH,DK,339
NO,DK,44
US,AU,34
US,BE,2784
GB,MG,1
CA,US,75
ES,ZA,4
JP,ES,2
JP,ZA,5
JP,ZA,5
NC,DE,1
JP,TH,12
US,TH,4
US,KH,1
DE,CH,1
GB,CN,5
KP,CN,2
PL,CH,1
JP,GB,1
US,CN,1
DE,US,2
BE,NO,2
CH,DE,1
DE,CH,2
IT,CH,1
JP,KW,1
KW,JP,2
KW,JP,2
US,GB,1
US,IT,22
US,SE,362
CA,US,3
GB,US,4
GB,US,8
US,CA,2
US,CA,9
GB,LK,45
US,LK,147
JP,TH,2
US,LK,61
GB,LK,23
JP,LK,55
US,LK,39
DE,EC,5
GB,MG,3
GB,MG,1
US,DE,5
US,EC,22
AF,TH,20
BE,TH,12
DE,TH,20
FR,TH,20
IN,TH,3
JP,TH,1
US,TW,25
DE,BR,25
US,BR,25
US,DE,12
DE,BR,6
DE,BR,5
US,BR,4
US,DE,30
JP,MY,5
US,CN,2.8
CA,US,792
DE,TW,20
TH,US,50
AE,NL,28
AF,TH,10
BY,NL,22
CA,CN,30
CA,US,3
CH,CN,15
CH,CN,10
CH,DE,12
CH,NL,513
DE,CN,50
DE,CN,15
DE,TH,150
DE,TW,10
DE,TW,73
DE,US,3
FR,TH,4
HK,NL,24
HK,NL,24
HK,TH,4
JP,CN,109
JP,CN,40
JP,DE,100
JP,DE,12
JP,ID,5
JP,TH,151
JP,TW,6554
JP,TW,4134
JP,TW,190
JP,US,1642
JP,US,9
KZ,NL,33
MD,NL,40
NO,NL,292
RE,NL,30
TW,JP,35
TW,JP,160
TW,JP,50
UA,NL,121
US,CA,2
US,CN,130
US,DE,99
US,JP,145
US,JP,100
US,NL,5720
US,NL,8738
US,TH,10
US,TW,200
XX,NL,44
ZW,NL,22
CA,US,3
JP,DE,12
JP,US,6
US,DE,4
DE,US,2
JP,DE,14
JP,TW,20
US,DE,22
US,TH,10
CA,US,14
CH,CN,10
CH,DE,10
DE,TW,10
DE,US,16
JP,CN,10
JP,US,3
US,DE,30
US,TH,18
CA,CN,30
CA,US,3
CH,DE,3
DE,CN,30
DE,US,4
JP,CN,40
JP,TW,20
US,CN,80
US,DE,10
AU,MY,14
DE,MY,341
DE,MY,20
JP,DE,6
JP,MY,267
JP,MY,10
JP,US,6
SG,MY,4
US,MY,1418
US,MY,80
CH,CN,10
DE,TW,10
DE,US,4
JP,US,6
US,CN,46
US,DE,26
AF,TH,50
AU,MY,17
CA,US,5
CH,CN,10
CH,DE,4
CH,DE,2
DE,MY,261
DE,MY,30
DE,TH,2
DE,TH,383
DE,TW,40
FR,TH,8
FR,TH,18
HK,TH,1
HK,TH,5
JP,CN,10
JP,DE,17
JP,MY,270
JP,MY,10
SG,MY,5
US,DE,24
US,MY,1033
US,MY,70
US,TH,5
US,DE,40
AE,NL,6
CA,CN,20
CA,US,3
CH,CN,10
CH,DE,10
CH,NL,12
CW,NL,6
DE,TH,60
DE,US,6
GF,NL,32
HK,NL,17
JP,US,16
KE,NL,30
KW,NL,31
LB,NL,64
ME,NL,6
NO,NL,369
SX,NL,6
US,DE,30
US,EC,1
US,TH,32
XX,NL,295
ZA,NL,18
CA,US,1
CH,DE,2
DE,TH,50
DE,TW,10
DE,US,16
FR,TH,15
JP,DE,12
JP,US,12
US,TH,5
JP,DE,12
US,DE,4
AF,TH,90
CA,CN,20
CH,DE,6
DE,CN,30
DE,MY,40
DE,TH,120
DE,TW,10
DE,US,6
FR,TH,6
FR,TH,10
HK,TH,4
HK,TH,13
JP,CN,32
JP,DE,12
JP,US,4
US,MY,30
US,TH,45
AU,MY,15
AU,MY,3
CH,DE,3
DE,MY,130
DE,MY,60
DE,US,4
JP,MY,175
JP,MY,20
SG,MY,5
US,DE,16
US,MY,1201
US,MY,120
US,TH,10
AF,TH,20
CA,US,30
CH,DE,1
CH,DE,6
DE,TW,10
DE,US,30
FR,TH,10
JP,DE,20
JP,TW,20
JP,US,20
US,DE,80
CA,CN,20
CA,US,2
CH,DE,2
DE,US,8
US,CN,20
US,DE,20
CA,US,1
CH,DE,3
CH,DE,5
DE,US,6
US,DE,20
CA,CN,10
CH,CN,10
CH,DE,3
DE,CN,15
DE,TW,10
JP,CN,30
JP,DE,12
JP,US,4
US,CN,10
US,DE,24
AF,TH,30
BE,TH,12
DE,TH,31
FR,TH,10
FR,TH,17
US,TH,1
CH,DE,6
DE,TW,10
DE,US,14
JP,US,10
RU,US,1
US,DE,12
BE,TH,12
DE,US,2
JP,US,10
US,DE,6
CA,US,3
CH,DE,2
DE,US,28
JP,ID,5
JP,US,16
US,DE,28
CA,US,1
DE,TW,30
DE,US,4
FR,TH,5
US,DE,6
AF,TH,60
BE,TH,15
CA,US,1
DE,TH,20
DE,TH,636
DE,TW,50
DE,US,20
FR,TH,13
FR,TH,31
HK,TH,401
HK,TH,89
JP,DE,15
US,DE,26
US,TH,60
CA,CN,20
CA,US,2
DE,CN,10
DE,US,8
JP,US,6
US,CN,20
US,DE,10
CA,CN,15
CH,DE,3
DE,TW,10
JP,DE,12
JP,TW,130
US,CA,2
US,CN,27
US,DE,36
CH,DE,2
DE,US,16
JP,DE,12
JP,US,20
US,DE,14
DE,TH,50
AF,TH,40
CA,CN,20
CA,US,16
CH,CN,10
DE,TH,50
DE,TW,10
DE,TW,20
DE,US,14
JP,US,10
US,CN,52
US,DE,20
AF,TH,30
DE,TH,75
DE,TW,10
DE,US,16
FR,TH,20
FR,TH,15
JP,TW,10
JP,US,10
US,CN,15
US,DE,20
US,TH,40
AU,MY,18
CA,US,2
DE,MY,142
DE,MY,40
DE,TW,10
DE,US,44
JP,DE,20
JP,MY,68
JP,MY,36
JP,US,20
SG,MY,13
US,DE,12
US,MY,912
US,MY,64
US,TH,10
AE,NL,28
AF,TH,55
AM,NL,6
AW,NL,12
AZ,NL,42
BE,TW,541
BY,NL,799
CA,CN,90
CA,US,970
CH,BE,18
CH,CN,15
CH,CN,10
CH,DE,17
CH,NL,29198
CI,NL,24
CN,DK,10
CN,DK,10
CW,NL,30
CZ,TW,350
DE,CH,12
DE,CN,115
DE,TH,57
DE,TW,3712
DE,US,1468
FO,NL,6
FR,TW,1375
GB,TW,400
GB,TW,70
GE,NL,18
GP,NL,120
HK,NL,59
HK,NL,59
HK,US,250
HU,TW,65
IL,NL,568
JP,CN,190
JP,DE,255
JP,US,1703
KW,NL,18
KW,NL,24
KZ,NL,218
LB,NL,180
MD,NL,278
MK,NL,18
MQ,NL,222
MV,NL,6
NO,NL,4216
OM,NL,6
RE,NL,2607
RS,NL,54
SG,NL,24
TR,NL,18
TW,US,213
UA,NL,949
US,CA,66
US,CN,283
US,DE,1789
US,DE,5
US,DO,180
US,EC,11
US,JP,116
US,TH,100
US,TH,267
US,TW,4140
XX,NL,761
ZA,NL,110
ZA,US,10
ZW,NL,75
AF,TH,10
CH,DE,2
DE,US,2
JP,US,4
US,DE,6
JP,DE,10
US,DE,4
DE,TW,10
DE,US,20
JP,DE,12
JP,TW,10
JP,US,12
US,DE,16
DE,US,18
JP,US,4
US,DE,12
CA,US,4
DE,TW,10
DE,US,4
JP,US,6
US,DE,10
CA,US,2
CH,DE,3
DE,US,42
JP,TW,10
JP,US,30
US,DE,20
CA,CN,10
CA,US,2
CH,DE,5
DE,CN,10
DE,TW,10
DE,US,10
JP,CN,40
JP,DE,14
JP,TW,10
JP,US,10
US,DE,40
CH,DE,1
DE,TW,10
DE,US,4
US,DE,30
US,TH,10
CA,US,3
CH,CN,10
CH,DE,4
DE,CN,10
JP,CN,16
JP,DE,20
JP,TW,116
JP,US,6
US,DE,36
AF,TH,10
AU,MY,28
AU,MY,5
BE,TH,15
DE,MY,100
DE,MY,60
DE,TH,10
DE,TH,153
DE,TW,40
DE,US,8
FR,TH,5
FR,TH,3
HK,TH,3
JP,DE,6
JP,MY,88
JP,MY,40
JP,US,10
SG,MY,10
US,DE,20
US,MY,1041
US,MY,101
US,TH,47
JP,MY,5
US,MY,6
JP,DE,20
US,DE,40
AF,TH,15
CH,DE,2
DE,TH,130
DE,US,24
FR,TH,3
JP,DE,8
JP,US,20
US,DE,22
US,TH,12
CA,US,1
CH,DE,4
CH,DE,2
DE,TW,10
DE,US,58
JP,DE,15
JP,US,26
US,DE,40
AF,TH,10
CA,US,8
DE,TW,10
FR,TH,10
FR,TW,125
JP,DE,11
JP,US,4
US,DE,18
CH,DE,6
DE,TW,10
DE,US,4
JP,DE,12
JP,US,6
US,DE,20
CH,DE,3
DE,US,6
JP,US,4
US,DE,10
AU,MY,17
AU,MY,3
CA,US,6
CH,DE,3
CH,DE,4
DE,MY,101
DE,MY,20
DE,TW,10
DE,TW,60
DE,US,46
JP,MY,90
JP,MY,10
JP,TW,30
JP,US,20
SG,MY,4
US,DE,20
US,MY,986
US,MY,56
US,DE,5
CA,US,1
CH,DE,3
CH,DE,4
DE,TW,10
DE,TW,22
DE,US,16
JP,DE,10
JP,TW,60
JP,US,10
US,DE,20
CA,US,1
JP,DE,20
US,DE,21
CA,US,10
DE,TH,50
DE,TW,10
DE,US,4
FR,TH,5
FR,TH,10
FR,TW,125
JP,TW,30
US,DE,16
AU,MY,15
AU,MY,3
CH,DE,1
DE,MY,101
DE,MY,40
DE,TW,10
DE,US,28
FR,TH,10
JP,MY,90
JP,MY,36
JP,US,6
SG,MY,4
US,DE,20
US,MY,1554
US,MY,111
CA,US,3
CH,DE,5
JP,US,4
US,DE,6
US,TH,5
DE,US,4
JP,DE,6
JP,US,6
US,DE,15
CH,DE,2
DE,US,12
JP,DE,12
JP,US,6
US,DE,16
US,TH,10
CA,CN,10
CH,CN,10
CH,DE,2
DE,US,6
JP,DE,12
US,CN,50
US,DE,4
CH,DE,5
DE,US,2
US,DE,20
CA,CN,20
CH,CN,10
CH,DE,10
DE,TW,10
DE,TW,8
JP,DE,12
JP,TW,20
US,CN,68
US,DE,60
CH,DE,3
DE,US,8
JP,DE,20
JP,US,4
US,DE,30
AF,TH,20
CA,US,18
CH,DE,3
DE,TH,50
DE,TW,10
DE,TW,24
DE,US,14
FR,TW,125
GB,TW,30
JP,TW,10
JP,US,20
US,CA,1
US,DE,30
CA,US,3
DE,TW,10
CA,US,7
DE,TW,10
DE,US,8
CH,DE,4
DE,TW,10
JP,DE,12
JP,TW,50
US,DE,16
CA,CN,30
CH,CN,20
CH,DE,2
DE,CN,50
DE,US,4
FR,TH,5
JP,US,6
US,CN,74
US,TH,60
JP,DE,12
CA,CN,20
CA,US,2
CH,CN,10
DE,US,4
JP,US,8
US,DE,30
DE,BR,5
DE,EC,5
JP,BR,5
JP,BR,10
US,EC,38
US,PA,10
US,TH,6
AU,SG,5
CA,PE,30
CA,US,3
DE,EC,7
DE,PE,9
DE,PE,835
ES,PE,3
FR,EC,2
GT,PE,11
JP,EC,7
JP,EC,5
JP,PE,125
JP,US,274
JP,US,5
RU,US,1
SG,PE,5
SG,PE,9
TH,SG,2
TW,PE,13
US,DE,10
US,EC,13
US,PE,175
CA,US,18
CH,DE,2
DE,EC,171
DE,US,7
DE,US,20
FR,EC,10
FR,EC,5
JP,EC,10
JP,US,4
US,DE,14
US,EC,65
US,PE,4
CA,PE,40
DE,EC,91
DE,PE,4
DE,PE,44
FR,EC,1
GT,PE,6
JP,EC,30
SG,BR,10
SG,EC,10
SG,PE,10
SG,PE,3
US,DE,11
US,EC,15
US,PE,45.9
SG,EC,20
SG,PE,10
US,PE,4
CA,PE,40
CA,US,24
CH,DE,7
DE,EC,102
DE,PE,4
DE,PE,66
DE,US,10
ES,PE,3
FR,EC,6
FR,EC,2
GT,PE,7
JP,EC,5
JP,PE,24
SG,EC,50
SG,PE,10
SG,PE,6
TW,PE,7
US,DE,10
US,EC,33
US,PE,55.25
DE,EC,52
FR,EC,2
FR,EC,1
JP,EC,15
US,DE,11
US,EC,12
CA,PE,100
CA,US,327
CN,DK,5
CN,DK,5
CN,EC,50
DE,EC,8
DE,PE,260
DE,PE,260
DE,US,1238
FR,EC,4
GT,PE,74
HK,US,100
JP,PE,79
JP,US,183
RU,US,3
SG,PE,21
TW,PE,43
TW,US,310
US,CA,1
US,CA,1
US,DE,135
US,EC,121
US,PE,184
US,PE,184
CA,US,6
DE,US,2
DE,EC,37
DE,US,8
FR,EC,1
JP,EC,15
JP,US,10
US,EC,19
DE,US,1
US,DE,20
US,EC,2
CA,US,2
CH,DE,3
DE,EC,26
DE,US,20
FR,EC,1
JP,US,16
US,DE,30
US,EC,17
CA,PE,30
CA,US,12
CH,DE,2
DE,EC,51
DE,PE,4
DE,PE,46
DE,US,2
FR,EC,2
GT,PE,9
JP,PE,10
SG,PE,7
TW,PE,8
US,DE,6
US,EC,19
US,PE,56
CA,PE,30
CH,DE,2
DE,PE,4
DE,PE,86
DE,US,2
GT,PE,9
JP,PE,16
SG,PE,8
TW,PE,9
US,DE,15
US,PE,52
DE,US,1
CA,US,19
CH,DE,5
DE,EC,47
DE,US,22
FR,EC,13
FR,EC,5
JP,US,5
US,DE,38
US,EC,34
DE,BR,30
DE,US,2
JP,BR,20
US,BR,10
US,DE,2
DE,PE,3
DE,PE,3
JP,PE,14
SG,PE,30
US,PE,26
DE,US,4
AE,SG,9
BE,ID,34
BE,SG,2
BR,MY,210
CA,MY,22
CA,SG,69
CA,SG,449
CN,ID,213232
CN,MY,200
CN,MY,150738
CN,SG,335
CN,SG,4
CN,SG,13201
CZ,SG,4
CZ,SG,6
DE,ID,5
DE,ID,5
DE,SG,35
DK,SG,8
DK,SG,1
DK,SG,15
FR,SG,9
FR,SG,3
GB,ID,121
GB,MY,240
GB,SG,175
HK,ID,2969
HK,MY,7418
HK,SG,1
HK,SG,262
HK,SG,598
ID,SG,1
IN,SG,25
IN,SG,3
IN,SG,459
IR,MY,51
IT,SG,82
IT,SG,94
JP,ID,5
JP,ID,5900
JP,MY,7156
JP,SG,24
JP,SG,12
JP,SG,3071
JP,TH,30
KH,ID,37
KP,MY,441
KR,ID,553
KR,SG,1
KR,SG,2
KR,SG,362
KW,SG,4
LK,MY,25
LK,SG,120
LK,SG,11
LK,SG,308
MO,SG,2
MO,SG,4
MY,ID,526
MY,SG,60
MY,SG,62
MY,SG,343
MY,SG,5176
NL,ID,4
NL,MY,20
NL,SG,5
NL,SG,12
NO,SG,23
NO,SG,24
NZ,MY,42
NZ,SG,96
PF,SG,9
PF,SG,3
PH,HK,1
PH,ID,879
PH,MY,900
PH,SG,149
PH,SG,22
PH,SG,1040
RU,SG,13
RU,SG,4
RU,SG,4
SE,ID,26
SG,ID,5702
SG,MY,254
SK,MY,30
TH,ID,1749
TH,MY,4083
TH,SG,7
TH,SG,657
TR,SG,9
TR,SG,5
TW,ID,11547
TW,MY,4447
TW,MY,17
TW,SG,108
TW,SG,33
TW,SG,693
UA,SG,12
US,VN,6
VN,ID,6
VN,ID,1451
VN,MY,1491
VN,SG,4
VN,SG,503
XX,SG,31
XX,SG,22
ZA,SG,6
ZA,SG,1
AE,MA,1
BH,AE,136
JO,AE,2
JO,AE,330
KW,AE,825
KZ,AE,637
KZ,AR,637
PK,AE,220
QA,AE,1383
SA,AE,1512
AE,MA,1399
DZ,MA,4233
KZ,AR,150
SA,KW,170
SA,MA,1049
AR,PT,2
MX,US,70
AR,PT,2
NP,NL,7
PK,NL,2
AR,PT,2
NP,NL,6
PK,NL,15
US,CA,2
AR,PT,6
VN,NL,2
VN,NL,8
GB,JE,2
GB,JE,2
BD,NL,4
ID,NL,4
MY,NL,10
UZ,NL,8
NO,GB,1
AR,PT,6
MY,NL,8
NP,NL,17
VN,NL,6
AR,PT,6
ID,NL,10
KR,CN,7
AT,CH,3
AU,DK,0.154
AU,NZ,1
AU,US,1
CH,GB,1
DE,US,7
DE,US,7
DK,GL,10
DK,GL,3
FR,FR,10
FR,FR,2
GB,FJ,6
GB,NZ,1
GL,DK,2
GL,DK,4
JP,ZZ,25
NO,DK,0.62
NZ,FJ,21
PF,FR,1
SG,GB,3
SN,US,1
SN,US,1
SN,US,1
US,FJ,2
US,FR,2
US,FR,27
US,GB,1
US,GB,1
US,GB,1
US,GB,4
US,GB,1
US,MX,1
US,NZ,1
US,PE,3
US,ZZ,1
US,PE,4
AU,GB,3
US,NI,1
SN,US,1
US,MG,5
US,MG,5
US,MG,2
US,MG,6
AE,AT,2
AE,AT,19
AE,AT,3
AE,BE,7
AE,CH,8
AE,NL,1
AE,NL,1
BH,BE,2
BH,BE,2
BH,BE,3
BH,BE,22
BH,KW,1
BH,KW,2
BS,US,2
BS,US,1
BS,US,1
CA,US,2
CA,US,1
CA,US,1
CA,US,2
CA,US,1
EG,KW,2
ID,BE,1
ID,NL,1
ID,NL,1
ID,NL,5
JO,BE,9
JO,BE,4
JO,BE,3
JO,BE,1
KW,BE,3
KW,BH,1
KW,BH,1
KW,ES,9
KW,GB,8
KW,HU,5
KW,HU,5
KW,HU,2
KW,PT,2
KW,PT,3
KW,SK,9
KW,SK,15
KW,SK,3
KW,US,4
NL,SG,10
OM,ZA,14
OM,ZA,1
PH,NL,2
PK,NL,1
QA,KW,3
QA,NL,1
QA,NL,6
QA,NL,2
QA,NL,4
QA,ZA,4
SA,AE,2
SA,KW,4
TH,NL,5
TH,NL,2
US,BS,1
US,CA,2
US,CA,1
US,CA,2
US,NI,1
US,PE,90
VN,DE,1
KG,BE,2
NL,SG,1
US,MX,1
ZA,US,1
PH,FR,1
AE,BE,2
CA,US,1
MX,US,1
PA,NL,1
QA,ZA,101
US,CA,1
US,CA,1
US,MX,2
AE,BH,6
XX,DE,1
AE,BE,4
BD,NL,2
BD,NL,2
CW,NL,2
DE,IL,26
ID,NL,3
ID,NL,1
KW,BE,3
MY,NL,1
PA,NL,1
PA,NL,2
PA,NL,1
PH,CZ,1
PH,CZ,1
PH,CZ,14
PH,CZ,14
TH,BE,1
TH,BE,3
TH,NL,4
AE,AT,17
AE,AT,9
AE,BE,2
AE,CH,4
AE,NL,2
AE,NL,2
AO,PT,1
BH,BE,5
BH,BE,3
BH,BE,7
BH,KW,3
BH,KW,8
BH,KW,2
BH,KW,1
BH,KW,6
BH,KW,3
CA,US,3
CA,US,1
HK,BE,1
HK,BE,1
HK,BE,1
HK,BE,1
HK,NL,2
HK,NL,2
HK,NL,2
ID,NL,1
ID,NL,2
IR,KW,2
JO,BE,4
JO,BE,2
KG,BE,1
KG,BE,7
KG,BE,2
KR,US,1
KW,BE,6
KW,CZ,2
KW,ES,1
KW,ES,13
KW,GB,5
KW,HU,6
KW,HU,3
KW,HU,6
KW,SK,3
KW,SK,1
KW,US,1
NI,US,1
NL,SG,3
NO,SE,2
OM,ZA,2
PA,NL,3
PA,US,1
PK,IE,1
PK,IE,1
PK,NL,1
PT,CH,2
QA,GB,2
QA,NL,8
SE,NO,2
TH,DK,2
TH,NL,1
TH,NL,4
TH,NL,3
TH,NL,7
TH,NO,1
TR,KW,1
TW,NL,1
TW,NL,12
TW,NL,8
TW,NL,4
TW,NL,2
TW,NL,2
US,CA,1
US,CA,1
US,CA,4
US,DE,1
US,DE,1
US,SG,5
VN,DE,7
VN,NL,3
VN,NL,3
VN,NL,1
VN,NL,7
DE,CH,1
PA,NL,1
PH,BR,6
DK,NO,2
PA,NL,1
PH,FR,1
NO,SE,1
PA,NL,1
SE,NO,1
GB,JE,2
AE,AT,2
CA,NL,1
CA,NL,1
NL,SG,1
NO,DK,8
PH,NL,2
PT,CH,2
QA,ZA,2
BS,US,1
NL,SG,2
PA,NL,1
AE,AT,1
AE,NL,2
BD,NL,2
BN,NL,1
CA,US,1
CA,US,1
CR,US,1
DE,PH,1
DE,PH,3
FR,SG,4
JP,US,10
KR,PH,2
KW,ES,2
KW,HU,1
LV,RU,1
NL,SG,8
NP,NL,1
NP,NL,6
NP,NL,1
NP,NL,2
NP,PH,4
QA,NL,1
RU,LV,1
SE,NO,2
SG,FR,4
TH,ES,2
TH,NL,1
TH,NL,4
TH,NL,1
US,CA,1
US,PE,1
US,SG,7
BR,ES,9
DE,IL,182
DE,QA,4
DE,QA,5
DE,QA,14
QA,DE,2
MY,NL,2
NL,SG,2
PK,NL,1
TR,FR,4
US,CA,1
US,CR,2
BD,NL,5
ID,BE,1
ID,NL,1
ID,NL,1
NL,SG,8
PH,CZ,2
PH,CZ,2
SG,BE,2
SG,BE,2
TH,BE,1
TH,BE,2
TH,DK,4
TH,ES,2
TH,ES,2
AE,AT,10
AE,BE,3
AE,BE,2
BD,BE,4
BH,KW,3
BH,KW,3
IR,KW,1
KW,BE,3
KW,HU,3
KW,HU,1
KW,PT,6
KW,SK,1
PH,BE,1
PH,BE,1
PH,CZ,3
PH,CZ,3
PH,DE,1
QA,US,1
US,ID,2
US,XX,1
VN,DE,1
XX,DE,1
XX,US,1
AE,AT,10
AE,DE,4
AE,NL,3
AE,NL,3
AO,NA,2
BD,BE,1
BD,BE,3
BD,NL,3
BD,NL,2
BD,NL,8
BD,NL,5
BD,NL,3
BH,KW,1
BH,KW,1
BN,NL,1
BN,NL,1
CA,US,1
CH,DE,1
CN,SR,2
DE,IL,26
DO,SR,2
ES,PE,0.1
GE,AZ,2
HK,BE,3
HK,BE,3
ID,BE,4
ID,IT,6
ID,NL,6
ID,NL,9
ID,NL,4
ID,NL,2
ID,NL,1
ID,NL,2
ID,NL,2
ID,NL,9
ID,SK,2
JP,US,1
KG,BE,1
KG,BE,1
KG,BE,1
KG,BE,2
KR,DE,1
KR,ES,3
KR,PH,2
KW,ES,9
KW,HU,3
KW,NL,5
KZ,RU,2
LK,CZ,2
MV,AE,2
MV,BE,2
MV,BE,1
MY,NL,2
MY,NL,6
MY,NL,2
MY,NL,11
NL,SG,22
NP,NL,2
NP,NL,2
NP,NL,4
OM,ZA,2
PH,BE,3
PH,BE,3
PK,BE,1
PK,BE,5
PK,NL,1
PK,NL,1
QA,KW,4
QA,ZA,7
RU,GE,2
SD,QA,1
TH,BE,2
TH,BE,3
TH,ES,2
TH,ES,10
TH,NL,1
TH,NL,4
TH,NL,7
TH,NL,3
US,CA,11
US,CR,1
US,DE,2
US,GB,1
US,PE,90
US,PE,130
US,PE,164
US,PE,924
US,SG,2
US,TH,1
VN,DE,3
VN,NL,1
VN,NL,2
VN,NL,1
ZA,NA,4
AE,NL,2
AE,NL,2
BD,BE,2
BD,NL,2
BD,NL,2
BN,NL,1
DE,IL,52
FR,MC,2
HK,NL,2
ID,NL,2
ID,NL,8
ID,NL,2
KG,KZ,1
KZ,RU,1
LV,RU,1
MY,NL,3
NL,SG,7
NL,US,2
NP,NL,2
PH,CZ,2
PH,CZ,2
QA,NL,6
QA,ZA,3
RU,LV,1
TH,ES,2
TH,ES,2
US,DE,2
US,GB,1
VN,NL,1
DE,ZA,4
FR,SG,4
MY,NL,1
NL,SG,6
OM,ZA,6
OM,ZA,6
PH,CZ,4
PH,CZ,4
QA,ZA,8
QA,ZA,4
TH,ES,9
TH,ES,6
DE,BR,1
DE,QA,3
QA,DE,2
AE,CZ,32
BR,DE,4
BR,PT,3
BR,PT,17
CW,NL,3
GH,NL,10
KW,CZ,35
LB,CZ,140
NO,DK,10
NP,NL,50
OM,NL,200
RU,UZ,1
TR,UZ,860
XX,DE,1
AE,CH,2
NP,NL,4
PH,CH,20
PH,DE,6
PH,DE,6
QA,AE,3
CH,DE,1
DE,IL,156
FR,BR,1
HK,PH,2
ID,NL,2
JP,PH,21
KW,SK,18
NO,DK,2
NO,DK,8
OM,ZA,2
OM,ZA,2
PA,NL,2
PH,DE,10
PH,DE,10
PH,DK,9
PH,DK,10
PH,FR,11
QA,ZA,15
SG,PH,2
TH,NL,4
TH,PH,10
TW,BE,1
TW,BE,2
TW,BE,1
TW,NL,3
US,SG,5
AE,BE,4
BD,BE,2
BD,NL,2
ID,NL,2
JP,US,2
NO,DK,1
SE,NO,1
PA,NL,1
PA,NL,1
PA,NL,2
QA,BE,1
QA,BE,1
QA,BE,4
QA,BE,2
CH,DE,2
AE,NL,8
PA,NL,3
TW,BE,1
TW,BE,5
GB,JE,2
GB,MU,260
PL,US,1
BR,NZ,15
CN,GB,1
US,NZ,2
AU,FR,0.055
AU,FR,0.16
TR,CO,3
OM,IT,1
AT,US,1
AT,US,1
KE,ZA,30
NA,ZA,6
RU,NA,2
US,NA,2
ZA,GB,0.3
ZA,GB,0.6
ZA,GB,0.25
ZA,GB,1.2
ZA,GB,1
ZA,GB,0.9
ZA,IE,4
ZA,NA,120
ZA,NA,542
AU,DE,1
AU,NZ,1
BE,ZA,5
DE,NA,1
MX,ES,1
MX,US,2
TR,AT,1
US,NA,1
US,ZA,3
ZA,MY,14
DE,MY,200
AU,DE,1
CN,IT,2
CN,ZA,1
CN,ZA,4
CN,ZA,1
DK,KE,2
GB,ZA,1
GB,ZA,2
HK,GB,1
HK,GB,1
HK,IT,2
KE,ZA,68
MX,US,1
SE,ZA,2
SG,AU,1
TT,US,1
TZ,CZ,1
US,NA,30
US,SE,2
US,ZA,48
ZA,GB,0.2
ZA,GB,0.15
ZA,GB,0.55
ZA,IE,4
ZA,NA,1160
ZA,ZM,2
HK,GB,1
HK,GB,1
JP,DE,1
CH,NL,1
HK,US,14
HK,US,2
HK,US,2
TR,GB,1
TR,GB,2
ZA,GB,0.25
ZA,GB,0.2
ZA,GB,0.05
ZA,GB,0.1
ZA,GB,0.05
ZA,GB,0.1
ZA,GB,0.2
FR,CH,2
HK,CH,4
HK,GB,4
HK,GB,8
HK,US,2
KE,ZA,29
NZ,PT,1
US,CN,41
US,GB,1
US,ID,1
US,ZA,3
ZA,SG,4
ZA,UG,20
TR,NL,18
US,MX,103
CN,GB,1
SG,IT,2
CA,US,2
CN,BE,2
CN,BE,11
CN,BE,5
CN,BE,3
CN,LV,2
CN,LV,2
CN,LV,2
CN,LV,22
CN,NL,12
CN,NL,4
CN,NL,20
IN,KR,8
JP,MM,10
KR,CZ,2
MM,JP,20
RU,CZ,3
TR,DE,8
TR,DE,10
TR,ES,12
DE,ZA,10
AT,US,6
CH,AE,6
DE,MA,24
FR,JP,4
FR,US,2
IT,US,1
IT,US,1
JP,FR,4
KR,CN,2
NL,RU,1
TT,US,12
TT,US,24
US,FR,3
US,FR,1
US,GB,2
US,IT,1
US,IT,1
BH,AE,3
CH,DE,1
DE,JE,4
FR,CH,1
ID,DE,2
ID,DE,18
KW,ES,2
QA,BE,1
QA,BE,3
QA,BE,7
CN,UZ,5
CN,UZ,5
US,MX,1
US,BE,1
US,BE,1
ES,MU,10
GG,JE,1
GI,JE,1
HK,MU,9
JE,GG,1
JP,MU,30
MG,IN,128
MG,IN,128
MG,KM,110
US,MG,500
US,MG,234
MG,IN,7
MG,IN,7
US,MG,65
US,MG,5
US,MG,375
US,MG,13
SG,CA,1
SG,CA,2
CH,DE,4
NL,CH,9
AE,BE,41
AE,BE,1
AT,CH,1
ES,CH,3
GB,JE,2
GB,JE,4
SG,FR,7
SG,NL,5
SG,NL,5
US,AT,2
CN,JP,2
CN,JP,2
US,AU,4
DE,BR,0.2
DE,BR,0.1
FR,SG,2
PL,SG,4
PT,US,80
US,CU,0.5
US,CU,2
US,CU,880
US,CU,71
US,FR,34
CN,CD,2
US,FR,1
CH,GB,1
US,MX,2
XX,DE,1
CN,US,2
CN,US,1
CN,US,2
JP,CN,10
KR,CN,2
GB,KH,1149.3
TH,ID,5
US,HK,33
US,KR,800
US,VN,2
CA,DK,8
CA,DK,4
AT,RU,1
CA,FR,1
FR,CA,1
HU,AE,1
US,CN,15
US,CN,96
US,HR,147
XX,DE,1
CN,KZ,2
GB,US,74
IT,US,2
IT,US,2
KG,KZ,1
KG,KZ,2
KZ,RU,2
US,CN,6
US,CN,17
US,CN,1
US,FR,1
US,GB,38
US,HK,7
US,IT,2
US,JP,8
US,JP,8
US,TH,1
US,VN,5
US,VN,4
US,VN,1
XX,IT,2
CA,US,1
CA,US,1
HU,GB,1
IN,US,4
DE,AU,50
JP,AU,50
NZ,AU,30
IT,ZA,5
US,ZA,1
JP,ZA,14
NA,ZA,12
GB,ZA,100
JP,ZA,3
JP,ZA,505
NA,ZA,2
JP,ZA,6
NA,ZA,1
DE,AU,6
JP,ZA,10
JP,ZA,28
NA,ZA,1
US,ZA,2
JP,ZA,1
US,ZA,1
FR,AU,2
JP,AU,110
NZ,AU,10
US,ZA,1
CZ,ZA,1
DE,ZA,5
JP,ZA,18
DE,AU,30
FR,AU,1
JP,AU,1
JP,AU,30
JP,ZA,14
NA,ZA,5
NZ,AU,105
US,ZA,15
JP,TH,5
JP,ZA,24
NA,ZA,12
NZ,AU,11
US,ZA,9
JP,ZA,6
US,ZA,1
US,ZA,2
JP,ZA,16
DE,AU,10
FR,AU,11
JP,ZA,28
NA,ZA,1
NZ,AU,40
US,ZA,5
US,ZA,1
DE,AU,10
FR,AU,2
JP,AU,3
JP,AU,1
JP,TH,1
JP,ZA,12
NA,ZA,7
NZ,AU,40
US,ZA,7
AG,US,6
AG,US,6
BL,US,3
JP,AU,1
JP,TH,2
JP,ZA,2
JP,ZA,49
KN,US,6
KN,US,8
NA,ZA,1
CZ,ZA,1
DE,ZA,34
GB,ZA,100
JP,ZA,25
NA,ZA,8
US,ZA,5
DE,ZA,9
JP,ZA,18
NA,ZA,1
US,ZA,7
DE,AU,40
DE,ZA,5
JP,ZA,15
NZ,AU,20
JP,ZA,11
US,ZA,3
JP,ZA,8
US,ZA,30
JP,ZA,1
DE,AU,40
JP,AU,8
JP,AU,1
JP,TH,24
JP,TH,26
JP,ZA,17
JP,ZA,814
NA,ZA,4
US,ZA,4
JP,ZA,3
US,ZA,1
DE,AU,15
FR,AU,1
JP,ZA,11
NA,ZA,2
NZ,AU,70
US,ZA,6
JP,ZA,21
NA,ZA,2
US,ZA,7
JP,TH,1
JP,ZA,38
NA,ZA,2
US,ZA,35
JP,ZA,17
NZ,AU,40
NA,ZA,1
US,ZA,95
CZ,ZA,1
DE,ZA,27
IT,ZA,1
JP,AU,9
JP,AU,23
JP,TH,3
JP,ZA,623
NA,ZA,7
NZ,AU,15
US,ZA,2
CZ,ZA,2
DE,ZA,1
GB,ZA,100
IT,ZA,1
JP,ZA,17
NA,ZA,6
FR,AU,2
JP,TH,1
JP,ZA,11
US,ZA,3
JP,ZA,11
JP,ZA,16
NZ,AU,60
DE,ZA,25
JP,TH,3
JP,ZA,4
NA,ZA,2
US,ZA,1
FR,AU,1
DE,AU,20
FR,AU,2
JP,ZA,69
NA,ZA,6
NZ,AU,85
NA,ZA,1
CZ,ZA,2
DE,ZA,22
JP,AU,23
JP,AU,11
JP,TH,1
JP,ZA,178
NA,ZA,2
NZ,AU,10
US,ZA,10
FR,AU,1
JP,AU,1
JP,AU,23
JP,ZA,4
US,ZA,50
NA,ZA,1
DE,ZA,15
JP,ZA,1
US,ZA,10
CZ,ZA,5
DE,ZA,10
JP,AU,23
JP,TH,2
JP,ZA,198
NA,ZA,1
DE,ZA,15
GB,ZA,100
JP,ZA,10
TH,ZW,1
US,AU,7
US,AU,8
US,AU,12
CA,DK,6
GB,AQ,8.5
GB,FK,1
GB,GS,25
CN,GB,18
FR,HK,1
HK,GB,1
HK,GB,17
HK,GB,17
US,GB,4
US,GB,5
AE,AT,3
QA,AT,1
AU,NL,1
AT,ZA,1
JP,MC,2
NL,RU,1
SG,NL,1
SG,NL,1